"sim","C_1","C_2","C_3","C_4","C_5"
1,-2.345400319298,-0.140103733154621,1.58340351004893,-0.177450425763837,0.303841801359532
2,0.197793128216327,0.833536289080857,0.733542633540614,-0.813174815038506,1.10455326047212
3,-1.99683715025919,-1.49843569185612,0.727558147436896,0.508402388128627,-0.463242739979752
4,0.532985709807915,-1.74634213600207,0.10919116310833,-1.23872886851774,-0.449224876542088
5,0.518964115110381,1.50512105252938,0.021250208215283,0.438688534193778,-1.08660230872284
6,1.63026633128407,1.10278625069981,-0.725573063487717,-0.613564217214242,1.0775491157381
7,-1.08838814794077,1.73508609734217,1.57221222946184,-1.21882543382369,-0.113617988620793
8,-0.779953916961483,0.512123220230959,-0.124682692808448,0.952304825262968,0.205244940414205
9,-0.918263276059912,0.0169475316247991,0.664492152119059,1.28109920722527,-0.231769513308929
10,-0.288940475103271,-0.911585378674801,0.68303025586384,-1.05845602604852,1.52576507815599
11,-0.613668587283576,0.258357487122643,-0.957294906440878,0.341418950841151,-2.52124470353706
12,1.20600072606869,-0.883344129835105,-1.28437131389516,-1.32150014845182,1.07284898156839
13,-0.572252784136959,-1.12159812717682,0.956333840693848,-0.652535936571648,-1.33188332179972
14,1.94946080869798,0.692177438704041,0.224912379700099,-0.579396023429398,0.351298903223581
15,-0.432556200063555,0.903757607759984,-0.513977636735897,-0.181857030539699,-1.29882523686872
16,1.27419209474714,-1.09035650548263,-0.295189435018244,-0.957870626841382,-1.26937715281683
17,-0.887919174451538,0.420374291569925,-0.828756314264969,-0.634357680513813,-0.876307166323779
18,-0.233641591515213,-0.804169687394874,-2.28904721520868,0.540267954112003,0.559107458436928
19,0.814156406749133,-0.0817934975362782,1.57036738214141,1.42118528800638,0.110677523741583
20,-1.29244147624006,-0.444348196487836,-2.53065013123742,1.20315681670615,1.10237612535547
21,1.40026456633324,0.335574772573387,1.37095496784451,1.56002714786646,-0.206522743698762
22,-0.208053048572931,0.853690946713495,-0.895601632591189,-1.2729232206945,1.0296044496801
23,0.0622525902262449,0.249630622648369,0.819861106237212,1.79253161667124,-0.265202239608135
24,-0.463566213631414,1.24043815827964,0.868754010460166,0.383219950938769,-0.0460625838702777
25,-0.394494305524705,0.378351368350867,-0.305441688800358,0.558246758408175,-1.39353232571224
26,-0.11061699880182,0.905793144310407,-0.150458650285444,-1.41479755515404,-1.49700649749674
27,0.467235644139051,-0.337869481381791,-0.983073574214739,-0.967875017412159,0.142387547808203
28,-0.598034325108249,0.00658973780832105,0.765183941787599,-0.414160258160323,-1.04867775940692
29,1.97426019871735,1.02316183611535,1.08397513686752,-1.91301106066634,1.96402761991019
30,-0.0242607238235269,0.723052336280959,-0.29126239650159,-0.966740167120424,0.219577475851403
31,-0.925279309607197,-0.764070498708525,2.46233970025136,-1.29058610873752,-0.477389206061321
32,1.43479187933959,1.3137679325393,1.28740244535836,-0.0417126143999043,0.754488576299828
33,-1.03666236159581,-1.68759849795784,-0.651809474226243,0.640200541662673,-2.05204376273672
34,0.907404624987226,-0.189980519808536,1.06295147157181,-0.555430320544516,-0.840788337951637
35,0.0862472780739472,0.356154286214735,0.167158154719216,-0.906200648074509,-0.48900228567181
36,-1.41155310745328,-1.38155629891948,1.79769488404711,-1.0953880150922,1.86527594627081
37,0.584043863073245,0.478460755128515,-1.19343256630601,-0.388126105986619,0.781205504870084
38,1.11318133684247,-0.918948995078517,0.74722912786636,0.717367573852971,-1.44269281285493
39,0.350340364301934,-0.291117832732908,-0.406592034672557,-0.861324433712471,1.10352318646846
40,-0.0871327768523315,-0.574615789723817,0.016032393186396,-0.448236788149221,0.914576439336468
41,0.735425403868926,0.64206419800833,-0.981380858732275,-2.69105487344206,-0.491715791234468
42,0.270233215503374,0.745724174282975,1.24220386106168,-0.546773818199688,2.30956918062006
43,-1.60544488931748,-0.0296677708026381,-0.902343487025375,-0.202851698738733,0.611460757132979
44,-0.14753682967166,-1.26029555721092,-0.321572550338567,0.549455492350701,-0.426275012185072
45,1.38991117070151,-0.620365475440317,-1.66684151535861,0.805757910108435,1.02071358595325
46,1.34183608193493,-0.0433101098456965,0.116867060923683,-1.64926172402231,2.18410519258391
47,-1.32551462711973,0.248579773664415,0.500409548320342,-0.224128587845373,0.503012875602942
48,0.0812088511854308,0.776231849434914,0.15804866604211,2.28922649527411,-1.27508764495417
49,3.79021662139751,0.904063301540343,-1.02661392506714,0.484504025871195,0.479677202843121
50,0.491568799692343,-0.127728926637131,-0.457873251458764,2.35959799059482,-1.13200438755875
51,1.12015454859045,1.21359713029387,0.755526500605658,-0.26034047832389,-1.60404697014421
52,-1.53260518544784,1.70308514686464,-0.564312785458357,0.858142987234669,-1.54661007616518
53,-0.501265994744348,-0.590785077392511,-0.595746443615733,-0.858776232909948,-0.0168598587753777
54,1.02224212105855,-0.614448452118811,1.03168893493953,-0.364882414712296,-0.342811512823136
55,1.23859768621097,-0.312374764308233,-0.764107410181031,-1.17627995880929,0.905290789525098
56,-1.78917130012261,-0.767997062861993,1.52470968902096,0.362791592804218,-0.395965413098069
57,-0.910352740991949,0.74660659863002,0.324160385433901,0.66244377588764,-0.335442790432605
58,-0.471349068745872,0.472717862635219,0.351594232856217,0.823008544740733,-0.311421749931963
59,-0.238736394604274,1.56412702948447,-0.467305665335662,0.0753519854135019,-1.70527254598521
60,0.359760519635212,0.350763151475981,1.34535632212325,0.582261918592438,-0.119395594500772
61,1.46074188010396,-0.321928411699956,-0.970216173563629,0.203932690337234,0.336228631960507
62,2.08257417563989,-0.962737738659076,-0.103890901597043,1.96745762724819,-1.76362442509542
63,0.500422738005211,-0.31505923068665,-0.299815785034134,0.254707219412346,0.403056623388607
64,-1.27201327058126,-0.517255261172524,1.05369369511653,0.338929238508442,1.68730367716218
65,0.25164197679922,-1.37568283796377,0.448303365104622,-0.102096831660902,0.486276490246377
66,-1.20343836947265,0.481889338854232,0.835289266970004,-0.124132623300104,2.2374960565885
67,-0.271316709490199,-0.147725734092096,-0.605429235333098,0.822029583628309,-0.739221776109477
68,-0.318672166105364,-0.751779121348598,-1.44897337986452,1.37115931392186,-1.31020841849113
69,0.0521624345778231,-0.826738352734865,-0.158621506469318,0.653686675208879,0.623901667575822
70,-0.0667822773312241,0.115217981728055,-1.17051799620199,0.0273968391196219,-1.0838795007482
71,0.18914079779875,1.52826853672297,0.924005866252112,0.695259911914788,-0.068922586079142
72,0.998399329270201,0.460632093040168,-0.272125852423747,-0.632088885420543,-2.76209650495625
73,0.0335385325522148,0.975460362389222,-0.137603778662613,0.169940683581503,0.538877379150926
74,-1.01020139916504,0.53849809622936,0.117769979739709,-1.80007306160341,-0.233814483172517
75,-0.833688054154067,-0.29926173304033,-0.966572913197933,-1.0058250971406,-0.71724837892111
76,1.15276974823764,0.179215652288175,0.698478306862785,1.31036970930147,0.952056688624448
77,1.39278856308736,-1.70131395268055,1.31742208424228,0.360231259923924,-0.945169528851715
78,0.886427761386145,-2.41561379174788,0.145764676988957,-0.546571425180049,0.474770671368303
79,-0.553322150747723,-0.591726401479539,-1.24951508849635,-2.15872779468722,0.44328363901591
80,-0.61114384245693,-0.884700229822315,-0.881372506504946,0.0449742756779842,0.12022870386023
81,0.612538977456862,0.456062555041847,-1.57481013602951,-0.370873458345275,-0.574199869274254
82,-0.612002890147759,1.25807867377154,-0.204719834275331,-0.1110296436862,-0.624129160709181
83,-1.03067445550599,-2.07638346268857,0.132596002295633,0.682290320071825,-0.0988010753984737
84,-0.320798964865072,-0.580900234235631,-0.410095968436144,-2.12271723067805,0.175571050431364
85,-0.170746807886791,0.884723748732317,0.733759024006688,0.679280960716794,-0.140167846447306
86,0.754257316400515,0.0965984278281142,0.66165890805894,0.0599473230705291,-1.3972936423042
87,1.14938671377286,-1.41315667667093,0.359139015079604,3.2562450847869,1.66545430340476
88,0.765039553250915,-0.574975757120851,0.328149373549495,-0.0438510495449366,-0.988758368431946
89,0.236259484142597,-1.70982569667265,0.00168967413888005,-1.55227338951439,0.357128113221318
90,-0.54691934015133,1.18817844951101,2.24599978067549,-1.46511069417189,0.607134586304819
91,-1.85385258346893,0.818246435699008,-0.392686349052697,-0.860984285191394,0.276900976438215
92,-0.778819228461244,0.722510099133003,-0.221620371924725,-0.350771251272218,1.42399467086938
93,-0.252948192749155,-0.944886738622821,-0.883139174955942,-0.695519133249005,1.49088618559593
94,-0.195303410080685,-1.77177140507159,0.285493328406067,-1.67005914863162,0.260352318933416
95,1.20462798006059,-0.643629900615011,-0.343362351800749,-0.216264739709893,-0.567402329219883
96,0.27506885313061,-0.387747407487034,1.09092759925526,2.12800856013292,-0.91134413520302
97,-1.96868019309233,-0.357835598780813,0.439496292946853,-0.130628195592853,0.896183978522468
98,-0.186215627324141,-1.1398924418749,-0.452333691037636,0.782603792025657,0.380077991791275
99,-0.427258284207414,-0.960894505327512,0.0853030587125411,0.291288807041391,-0.122532951907314
100,-0.035734969152211,0.958603533455669,1.20615676555847,0.956948098063758,0.62520950629805
101,0.774333367196397,0.471061569237158,-1.23656429056303,-0.363704328977582,1.87830830314163
102,-1.42429527579193,-0.217856789419481,0.10095999381969,0.222540428131205,1.37010120406505
103,-1.16465783357934,1.84534721437043,-0.627823130062617,-0.700417581132042,-0.325717528292796
104,-0.92241900291939,1.47108671495211,-0.505405082373956,0.452422159639364,-1.39544497243779
105,1.48531942478571,-0.482415256678336,0.564814814178206,-0.121423036271526,0.708345998207086
106,1.37813603197539,2.37884491158458,-0.710636264550277,-0.118459493303726,0.880390105580018
107,0.213838491049627,-0.731553308003405,-2.46901413557895,0.929338111524313,-0.243815965500215
108,0.461116524462244,0.936502804013249,0.244009939793778,-1.4787911551887,0.30635235432762
109,0.0535942285392751,-1.00074678079272,-0.885510119031259,-0.280325018427394,0.0624373235315985
110,-0.283673618880367,0.106764884097011,0.974519408538186,-1.82453739593469,-1.05413555194388
111,-0.157637417456527,-0.445150358026203,-0.805559143911424,2.40043616896098,0.154819130741569
112,-0.103098254566457,-0.406179867895741,-0.235178609242631,-1.27903034742488,0.384345494768202
113,0.317485873352082,1.01223579679797,-0.657971177288197,-0.571861207831916,0.225148635984107
114,-0.95029091270814,0.354090340625162,-0.137234253686476,0.281129337947194,1.40501708467898
115,-0.641363161884002,0.800684236031083,-1.81390469063249,-0.317687061743634,0.685035502061212
116,-0.0328772894230549,-1.74781632105018,-1.30023047057759,-0.742126457604267,0.493331016490734
117,-0.152257617332823,0.560004855506593,2.39294848516821,0.336959135105492,1.4256594483318
118,0.544822219946622,0.945389312589135,0.0495367361090564,-0.339317498731629,0.608401267416793
119,1.41903350441572,0.674225602279407,0.97137129676249,1.39144670866087,-1.0062733656924
120,-0.618224597480052,-0.540872937941279,0.661000657997668,2.33464395264576,0.99915294541065
121,-0.0654593681892319,-1.34674552954226,-0.562583865056621,-0.679499503479846,2.05688816645571
122,1.11212081094479,-0.76112638577127,0.558376759442764,-0.0760493984079538,0.493375520830467
123,0.561204886324449,0.319067148351215,-0.144533292559099,-0.268145272422389,0.44181721183634
124,1.26466002512423,0.429386083264721,-0.126408575006201,-1.39168985971439,0.316248421733596
125,-0.101055611800694,-0.595177311787845,-0.219385645731645,0.827629285702179,1.81770002165028
126,-0.546066497547991,1.34673230545519,0.219621507818388,-1.31353320873088,0.800902696296093
127,-0.303339816279653,0.695686737744619,0.483543973944228,1.03322699918016,1.76059128865414
128,-0.106838948332965,-0.559749510230601,0.195657474189793,-0.632430798511805,0.972090734247288
129,0.146996526755017,-0.285424801824498,-0.146472898938742,-0.805135550078056,-1.44714370550686
130,0.130598192400376,-0.773798688826875,2.48633611563367,0.830218272040053,-0.832657910491143
131,-0.304860634458728,0.739018196494364,-0.923233295760388,0.743934378156979,-0.195250344232767
132,-1.83181500139585,1.75249433649792,0.0147775621871572,0.0460645302114782,1.52958813803057
133,-0.677094750513756,-0.734849861661346,-0.940394874617421,0.282490603542164,0.514851609997764
134,0.365672551413768,0.894766699516214,0.548797121470043,2.10663031898058,-0.74781314056332
135,1.51575326920794,1.03838600144323,-0.874955459967106,-1.29889740193111,-0.984467847594142
136,-0.989951342053791,1.20438648121584,2.78633193342375,0.198290402595963,-1.20147298613304
137,-0.0630629180507438,-0.570116564584989,1.41377044177871,0.525594117593672,0.922217946912725
138,-0.585532461839851,0.870701125337147,-0.150700513170842,0.679293707504987,-0.0495179245497875
139,-0.761425151892474,-0.203006357989329,1.71693950319488,0.219348021968015,-1.1826957120498
140,-2.42661279979468,-0.785103958658204,-0.209021057162726,-0.131603784431363,-0.301829077700484
141,0.378338826472021,0.261040578605379,0.765666430878658,1.73623623574896,-0.65558092782921
142,-0.554750038983525,0.722058010314876,-0.963461657396524,1.57783496912607,-0.958886852537907
143,-1.31392641645818,0.190104992790814,-0.163098029773339,-0.584451322438389,2.05215904336326
144,0.800683557845149,0.644022231741406,-0.252452287497345,0.89901865068762,-0.327096443519621
145,-0.050038044187305,0.130836228814064,-0.0137042606303931,-1.51332324560474,0.814411800431047
146,0.570242963279234,-0.0612956304102162,0.445709204424269,-1.06445712619549,0.254255744933799
147,-1.25813891591501,-1.1430251930368,1.74731520374681,1.57200613831975,-0.9680060513836
148,-1.15156699924769,0.67060796819146,-0.638864196157699,-0.17138599320655,2.16716381381831
149,-0.958879278689763,-0.232724819744476,0.540071956196052,0.141680850702013,-0.376897572204289
150,-0.509499727020147,3.26158729329748,-0.715160584892469,-0.794054650913279,0.727311083347987
151,1.25958168112957,0.545439632562974,0.825282298897032,0.0736705551812495,-1.3771947151807
152,1.4089596012365,-0.451582390315231,-0.274158343119558,-1.67615523832311,1.20246552120053
153,0.662041357535735,-0.244756260021352,-1.72447515536324,0.0375200694605004,0.796090976702564
154,-2.12837645032767,0.580515351115317,0.036699989527714,0.35608194095512,0.520159724698976
155,0.2145563691156,0.966766005308761,-1.29889263680694,-2.53643986433539,0.78127289364213
156,0.784065908020433,1.28700163356982,2.27591629090789,1.72131840402725,0.173034282136707
157,1.12097307735614,0.608215104986508,1.47081775900132,0.151352960573367,-0.419709680003969
158,1.29398812411427,0.191185131199967,1.04202764266455,0.128919394966046,0.609430442932698
159,-1.05122625129791,0.818819111526423,1.48144530926077,1.49451157543254,-0.729655447165298
160,-0.355576043785561,0.281255473884988,-0.569687526940703,-0.650495720744089,0.584210384264431
161,1.19434662855617,-0.0100110275395397,0.96487415611021,-1.03264844611355,0.406593442269172
162,-1.30137125044313,2.01747161862202,-1.12874927450731,0.844616799932649,-0.0794567779734789
163,-0.302791395672546,0.250570485487213,-1.69070886490554,1.20890073378575,0.820101932193587
164,-0.0652848968508312,-1.36832189229549,0.674591014313274,-0.72611984955561,-0.723239238968997
165,0.889480920735723,1.43776570348263,-0.273862465099496,0.362802192836786,-0.353067370257214
166,1.47845056388126,-0.59384083181986,1.69531294398883,0.464322868991486,1.03996876975711
167,2.2633209362748,-0.00466600452112625,-0.394949054638058,0.130781579981789,1.08530897190892
168,0.99590198481639,-0.543711757072554,1.17445475477489,-1.41706625857503,1.51791945076438
169,0.368500034078017,0.253612279403108,-0.931593688073082,0.136838165683342,1.41675782072364
170,2.1221533178376,-0.22325819595637,-0.0584311178052397,0.708235968195905,-0.971204605667374
171,-1.32764029319676,1.04538686844052,-0.792403493702982,-0.290833049622956,0.487237953666922
172,-0.0370549675700224,0.89818495067638,1.2496707694943,0.750544059199168,-0.584100690455743
173,0.649437017538821,0.779931199033149,-0.214075592060611,1.77199196401792,-1.47363223501438
174,0.41743555653687,-0.359354774106148,2.61145067661081,-0.0465973660652224,0.380572662316431
175,0.41818628660393,-0.232936122314949,1.56334909110525,-0.0014539118752275,-0.45399516290846
176,-0.69649832706512,1.2833485561946,0.00771158924456861,1.55786121273015,-0.3145133861854
177,-0.820824696458407,-0.0759144321755627,-0.790673528548984,0.282441703217323,-0.481557352814043
178,0.453921725333715,1.07526037102208,-0.69182057738562,1.86429263022842,0.0767866605767661
179,0.15456302523775,-1.42625803514531,-0.520193256984254,0.497880269418859,2.28054290156774
180,-0.900759197144452,0.162791939235441,0.529173313304187,1.04926940731165,-0.133273258400422
181,0.797298746121093,-0.814930040855975,-1.04154703373171,1.11464550854612,-0.0697424123084102
182,-0.688206813469595,1.92348128319651,0.908371788547883,-0.44413304761003,-0.196326271812073
183,0.497254016975279,0.818197201199609,-0.425352447214619,0.397726326364363,-0.441523170925477
184,-0.122211740744698,1.46325524121945,-2.12354030217523,0.672969816433823,0.843658227444348
185,0.118765179055296,1.38778980887841,1.18708518612215,0.0141465761500196,-0.319314855848228
186,0.879365841004146,-0.48999001607501,0.326449835658962,-0.654770401850969,-1.10003406580056
187,0.200445512624748,-0.217736515420213,-0.457333109767149,-0.972734303468453,-0.251564349017071
188,-0.874591587800534,2.54642886493762,0.340441786715635,1.2871586373232,-1.66985933890015
189,1.29029784143693,-0.207526501107051,1.52194701051738,-0.146384521533808,0.340457452531271
190,1.72743628393799,-2.46198621646312,0.273130223085783,0.743727020485576,0.915518907090211
191,-0.0170238176629773,0.298153035817527,-1.13435285170072,0.720261298759038,1.87304474562273
192,1.99304183681928,0.190620614556801,0.978260371948105,0.636409884576308,-0.436877777886094
193,0.196410044943648,-0.888763874965351,-1.69147848339246,-0.332747066257007,0.292645791405171
194,-0.909178883105777,-0.0885328853184892,-0.608414232883669,-0.443469357560777,1.33503119483958
195,0.120527951532993,-1.29095143151363,-0.821319472460544,0.954793029147078,-0.0791708740333548
196,1.80684102854867,-0.0441885386130426,0.7794768264911,-1.65458929146963,0.389200046959441
197,1.78743698585621,-0.386776518734521,0.952210660044752,-0.158994645034131,-0.780300398761069
198,-0.738608753651098,-1.73537084907677,-0.554036660413297,-0.986319990638635,0.531111248596859
199,-1.48696258663402,0.732701190723205,-0.969684951240276,-0.600012151017108,0.387848719200192
200,0.627260485136887,0.663626675363561,-0.622579796080492,0.476272048044384,0.583520974283959
201,1.20540917648188,0.657900798236705,1.93316120719186,-1.1301317198555,0.961104143132885
202,0.467871468712684,-0.928362548116796,-0.853082288213778,-0.0413857893006166,0.026603204313881
203,0.706731592208315,0.517622782578694,0.603859274803967,1.31576094233063,0.623239185025678
204,-1.17318161560981,-0.365544688787077,0.627254292120739,-1.18093352395702,-0.816843776121691
205,1.25106524738571,1.81426072517994,0.164653491626709,0.584459402065994,-1.63378080223285
206,0.615925968482767,-1.77520292078187,-0.0657086134666166,0.0548427311113406,1.70673858653342
207,-0.343553592754997,0.115935044095889,-0.469619787244861,0.516483708577798,-1.35933302062736
208,1.06969713921679,-0.718790759029783,-0.981943703803877,0.0091255788082979,1.0946111315744
209,-0.182256125656843,1.4522368997731,1.26963920444197,0.443952844732286,-1.03104650401062
210,0.213708973638726,0.721517309581119,-1.68810895612373,-0.0556912375501653,-0.741669532822816
211,0.781193173945226,-2.55480302400765,0.0960029329885322,0.515178714958197,0.989805833468321
212,-0.272027226441652,-0.506499138851855,1.37621880222002,-0.241056673353991,1.39752191790821
213,-0.251901343154931,1.06811830330078,0.485142411284634,0.0571914723125175,1.8870805922682
214,-0.444149688095548,0.634091139996961,-2.82682148840492,-0.952356331724634,-0.603983454302576
215,0.737813617651066,-0.340247667495909,2.42293725633435,0.823070049042215,0.0337335586382203
216,-0.926964279602473,0.171441044635922,-1.15682975122646,-0.262080213668192,-0.471459156870286
217,-0.116707977750544,-1.99056890705252,1.48589660423401,0.85367272387101,-1.06768225669547
218,-0.524255306825682,1.01496696751461,0.230856623260296,1.05577017089981,0.519763707391013
219,-1.02584747934138,-1.94353667231992,-0.724316312108395,-0.874887113419008,-0.292197616700175
220,-1.45531313225591,-0.866470061176134,1.34880682151689,1.25235784710686,-0.816182165349412
221,0.538012169990062,1.09351944968757,-0.624949730014809,-0.0107071624153735,-1.43246354078021
222,-1.19753680475415,1.80703040258068,1.62782134380732,0.545594124999644,-1.00487652731176
223,0.475619134692087,-0.970251816827414,-0.788204067973133,0.146886684528005,1.29403488558452
224,1.27674533677212,-0.214199687064753,-0.316791249867078,-0.253161931262831,1.10541611647956
225,-0.754490501006596,-1.28145203486197,-1.32545146324753,0.855507008342701,1.25306167753917
226,-0.669788860810038,0.879700854301288,1.03749298940815,-0.403549913384477,0.251682693377119
227,0.525434873433037,1.54369753003358,0.95111253492935,0.509965970611067,1.25382991939822
228,1.11005300898434,0.468885887277202,-1.22778943044129,2.35606085106442,-1.18090035436994
229,0.197334635984077,0.192175830431742,-0.0756355276660295,1.55593010655693,-0.461377745844123
230,0.328757145156942,1.85399067040511,-0.188895980392001,0.742587237196657,1.08623438431217
231,0.141228654707076,0.399132703994137,0.696124929266059,-1.37001086446936,0.690848389835839
232,-0.289834537458099,-0.56545040161707,0.942723599771506,-0.463892860391897,0.471985690147107
233,0.706430478609701,1.22288846572544,-1.96640506629527,-0.969584249775768,1.39826718151024
234,-0.609143608110082,-0.780613576488459,0.485554480142532,1.82216932604329,-1.09366775248655
235,-2.14241249730184,-0.339875609960753,-0.941675808963382,-0.542145498023462,-1.79188820217232
236,0.668363170372664,0.605743134638296,-0.961241203368502,0.547877074305612,-1.10753334678399
237,0.524996548443657,0.858247795580422,-0.22678515941921,0.445479677139783,-0.42999425257788
238,-0.617164336973898,1.74714798397335,-1.08872339301171,0.134756599834791,-1.07600754138089
239,1.56346089223392,-0.414302038526598,0.862589853125887,0.178381170843463,-0.689148013395153
240,0.485755465061176,-0.0778117086351283,1.5170247481831,0.995774577903235,0.0935040895254298
241,-2.24863096980725,-1.40395405582222,0.224711505641004,0.0181550579382741,-0.0257262751882308
242,-0.232248474950855,-2.01985570035491,-0.18593318092653,-0.599851291589783,-0.656024875105555
243,1.44051579161165,0.767611975461489,0.564117366255358,-1.27530155996194,-1.64917119384405
244,-2.75263287412438,-0.219474323554798,1.11297709039817,1.78145465693429,-0.169120328948127
245,0.628875663065782,1.89735417567715,-0.547092523900796,-0.959105123262971,-0.0383181192202143
246,-0.920488277381921,-1.10173390732913,-0.526034174242951,0.176693764774793,0.0125216021082923
247,0.907252794071193,1.86887973099768,0.00526590170178989,0.199617144363153,-1.2100471205474
248,0.751182291625537,-0.50604606944617,-0.00125989667289477,-0.0225836346650451,0.0396081310602943
249,-0.425668407775161,-1.66503501484155,-0.543384221674875,1.36545667029299,-1.10360011614006
250,-0.491249744953453,1.04876647372548,-1.48402005540934,-0.521404799207176,-0.223135567424317
251,0.323012572857676,0.517059323054245,0.691326975173998,0.551573401912808,-0.434115132860021
252,1.1467994447279,0.163283496441111,-1.78180368559274,-0.461401568500868,0.709196919437145
253,0.633420022564478,-1.84463762509684,-0.526404958118096,-0.507635362547622,-0.511473593624386
254,-0.366113115249198,1.40972831034408,-0.169040746984266,0.293157543602371,0.142430864864965
255,0.304184904527629,-0.0961230915729335,0.235066367939422,0.421281536560456,1.29624647089207
256,0.344876248291535,0.32705634729322,-0.220117784069667,-1.45988626297108,-0.0327668427199438
257,0.841915984733971,0.830417595367751,-1.2408774193915,0.885194901716683,0.814364050344781
258,-1.70301114079266,-0.177747513053449,-0.0686569896396203,-1.59540237025809,-1.16543253172057
259,0.834232161630234,0.187617257113768,0.78171546563764,-0.204642445953433,-0.501702084028143
260,0.251833887935912,-1.46782481105764,0.47316011149134,-0.588027961205801,-1.40174580078149
261,0.559097070465552,-1.80458729155782,0.418175550515687,-0.413302185968624,0.0812494471522744
262,-0.078454770121682,0.510914174438469,1.46733227091746,-0.657337208654435,-0.145618049337514
263,1.35373325929978,0.123393458614591,-0.277931597011308,-0.863753793082029,-0.049761892973154
264,0.964891146328175,1.41878655629929,0.459253517600916,-1.21271016056571,0.777031074211424
265,-1.43381899267808,-0.077051909937584,-1.57202522584246,-0.0252823895867622,1.16421187713297
266,-0.566024562673825,-1.37280733388536,0.832157852217762,-0.351532547832077,-0.108265970641759
267,-0.711212438474216,-0.447327957147331,-1.30190889126429,0.000837532235695445,-0.39423537944924
268,1.50078739465918,-0.184911429619973,0.0943233018517805,-0.40723470825145,-0.814944445729347
269,2.13553305485337,0.981666184556629,0.741746692745029,-1.1734894986048,0.264926895822003
270,0.0599668689443705,0.833598057341449,-1.50603873726601,-0.706438609205235,-0.194881296345895
271,0.495082687140911,0.293341228390978,1.18605695118776,-0.70914042790974,-1.17865242438104
272,0.318411345309192,-1.19525385260075,1.68470749695569,-0.78178421522009,-1.18227788829117
273,-0.484145772388657,-1.0936112257447,0.00668001644626805,-0.581223068792061,0.595757913244508
274,0.241083248330177,1.66271671160799,-0.0836631596180423,-0.686597076436686,2.60995767938442
275,-0.234853621273296,-0.486050304052581,-0.900164028639824,1.04852852498387,-0.0985149044445261
276,0.185540844660763,0.576328226322585,1.09469131140282,0.0535727993143276,1.86138223081248
277,-0.548195321519486,-0.680366538625132,0.6978092920198,1.01241419819153,-0.459257515560481
278,0.321415528226017,-1.18724444029953,2.1086768001462,0.00801614915663456,-1.98169714840883
279,0.705572869057443,1.25967162120612,1.10402419997578,0.368741170364863,-0.63542959864499
280,-1.24584615506355,-0.448563928535422,0.284720911187923,0.321424375658163,1.36435417143653
281,0.234619843206274,0.563207814434632,0.461789653092948,1.7427509416292,-1.77427754170139
282,-0.468647156597195,1.0885142407271,0.451914802108908,0.970062272006725,0.298325284762646
283,1.36010393760445,-0.995892940184278,-1.96282272496844,0.418339684492345,2.37721817971125
284,0.139155459661919,-0.542297225413781,-0.856393749424726,0.668302383851657,-0.233989311691709
285,-0.272941786350137,0.284166640728335,-0.208766298223885,0.378690449496858,2.17537824340414
286,0.693836480571579,0.664958267449416,2.32937399115836,2.19772768265981,1.46144578834058
287,2.87196794561984,0.441704845380166,-0.0641696014001499,0.783093788775629,-1.40223889314456
288,-1.06078958253206,-0.955282328698627,-0.214261847564342,0.33208565084532,-0.607904736266582
289,0.790646218405979,0.349151650269464,-0.951122292980131,-0.361119053579158,0.569082614968721
290,-0.104976100678195,0.983874992929848,-0.0317822101921364,-1.36605074240573,-1.00716132833449
291,0.750459633472929,-1.25926225842726,-1.81729476759707,0.145876054827813,-0.0119549490012981
292,-0.122057212165802,-0.359043500530392,0.779399572631162,0.729394288145922,-1.38270565928915
293,-1.44007645417098,-1.71476021882605,-0.845999109722423,2.32821796227817,0.676911935796387
294,-3.20166895796817,-0.365477852902249,1.28108476894366,-0.223013966342351,-0.25753244577887
295,0.674352862727374,1.91807268838204,-0.631799555686937,-1.23645279751004,1.39898711642296
296,-0.538398581686755,-1.01542102320437,0.642668684096077,-1.75541682562871,0.439535201669063
297,-0.771471918703135,0.264926451491932,1.0947204681412,0.903938309032332,-0.340182876356587
298,-1.2654066344001,-0.224954627918256,1.06286272562512,0.156464010466015,1.43529342877557
299,0.747509835519101,1.28705943477246,-1.00715583392477,-0.709268629782815,-0.721826194026704
300,1.22656355723621,-1.262011606115,-0.562458635439259,0.912263731482533,-0.635563717194843
301,0.441049183635789,-0.589004251154171,-0.234681455568055,1.60641179848827,-0.182996453079593
302,-0.307463486069406,0.021600595145819,1.78783064278124,-1.94394382817857,0.774782156747279
303,-0.570774967284231,1.36437731858427,-0.55918272938358,-1.13840729910691,0.70665371918746
304,0.763463474704943,0.888970997385852,-1.6370281932163,-0.974544673693849,-0.285268303497051
305,-1.60520167461011,-1.63560949733636,-0.0486570851009891,0.20174359162887,0.289379731524406
306,-0.64321832777862,1.01455271026571,0.237084546936165,-1.17824289143574,0.432543080063816
307,0.0395791846976472,-1.2254853131939,0.966366848895699,-0.258348864307295,1.43169838213087
308,-0.667094779513175,-0.75055104994838,0.398736050923774,-1.04979188654082,0.872553240920857
309,-0.586235044493949,-0.971286189590457,1.0383743171524,1.29128748851662,0.103039592376513
310,0.210209636008521,-1.20178484145108,-0.705177275907652,-0.283937194704418,-0.328212945093261
311,-0.143575978306945,-0.637769996597993,-0.433052666685608,0.716767373163848,-1.42954460708847
312,0.251940671715019,0.689113003214646,-1.74385734691492,1.12187551349616,-1.13932770533861
313,0.993398118757312,0.600033501579637,-0.760353036549728,0.73892030251877,1.2000030783198
314,0.265230790926595,0.926068811256493,0.163647083778047,-0.790704726058775,0.143732433449752
315,1.02357598009091,-0.400896476280007,0.232721700506957,1.09348073470839,0.581349996817739
316,1.95346841147051,0.65354765355631,-0.59990674467297,-1.55404557035285,0.538557236667594
317,1.56153251480647,-0.0622205622366443,-0.338089250218487,-0.123745335043363,1.26240344688304
318,0.928790913512592,-2.28316769761019,-1.00821434599743,-1.29053384517178,-1.70677991758243
319,1.2971738428081,-0.402071174467152,0.230293864860053,0.957923099567903,0.753262439488551
320,-0.529888515015095,-1.01341263616791,0.289650386400031,0.936429296264683,-0.810249889433108
321,0.702739789113053,-0.476974592136602,0.0727819606049456,-0.846489376701597,1.8210628586562
322,0.97967804468344,-0.651484186713189,1.10634541605021,-0.276327572461085,0.806426696348327
323,1.34561454397217,0.887766804099317,1.26634769734647,0.474935247671018,1.37551822881735
324,0.597472261489593,0.565008923098494,-0.159365226844232,-0.305494372978721,0.293382082735111
325,-1.20896195625046,1.22224342247741,-0.281712506353377,-0.433767507226646,-0.817136909006958
326,0.207217881554415,-0.571602604447132,0.160105082261603,-0.543807401060601,-2.22000333539692
327,-0.605541072589423,0.358458384457963,-2.54845071794156,-1.16485263321778,-0.2695230108754
328,-0.596086471839955,-0.682515418438715,1.48612025751357,0.435337426122981,-0.0555479276874416
329,-1.90605995980078,-1.35768839364961,-0.134581644446506,-1.45503283164708,-0.637820218828107
330,1.71410862437506,-0.0077323286630216,-0.404413571293628,1.79032352650376,-1.40452678527229
331,0.549524246483407,0.253888799375364,1.34666441870902,0.946977491736501,-1.79022891522131
332,1.13417466524605,-0.869370235355703,1.86615905315901,-0.287812701034735,1.28727406163444
333,0.159305499196722,1.0354794610591,0.269412918498042,0.326951465870515,-0.669709638685565
334,-0.729111091609362,0.428729166556523,-0.025461664776076,0.159669134453304,-0.923468015200651
335,0.899254400320653,0.212602298654221,0.661511502520635,0.0652970758610582,-0.264280614005244
336,-0.051581534536822,1.14213280708394,0.308074704664835,-0.740666870985802,0.406224396192543
337,-0.284695473694112,-0.520775833515008,0.612574205364903,1.00692423109705,1.39695133306839
338,-0.638400311246357,0.105956739892777,-0.279672887491082,-1.42889092584044,1.04266862921454
339,0.813586705050718,-0.085435979666968,1.5114022042653,1.52539873394609,-0.409798662960779
340,0.731482906143584,-0.552199185137564,2.29632383165785,0.685268398521475,0.816613486379542
341,-0.140338913516101,0.797957927426285,-1.19217968290754,0.781946662088199,0.382378829081841
342,-0.107986920912136,1.19473914204375,0.463191208816191,0.666515068360906,0.494210533770886
343,-0.813796218350232,1.16955430085142,-0.828207140558923,0.624831140533317,-1.23927304409764
344,-0.897388112271612,0.330987399244292,-1.98145888712063,0.455021553172907,0.739628192729911
345,0.16275654180426,0.570188345492807,0.591124142246468,0.455868948325961,-0.708332738142114
346,-0.189677030608232,-0.58988885182777,-0.378475754069215,-0.611486784996666,0.0912373220143404
347,-1.4800592029296,0.131270509135007,-1.71879593181868,0.284987631698428,1.57152731564843
348,-1.32507669317096,0.0824952966995831,-0.983555869834928,-0.229386077077863,1.03315148169354
349,-0.100303225151409,-1.87646638456612,1.44209432252775,-0.618258713557418,0.302616702592141
350,-1.18017845557507,0.150692830813521,0.295496223486475,-0.21610304585862,1.90784002362946
351,0.364997115392823,0.845240570779531,0.291781963969653,-0.313305876198437,0.136268326267234
352,-0.544601349855409,1.71943315522289,0.420384265771722,-0.503839102526318,0.660957792276913
353,0.715405280482709,-0.587214964244889,-1.79658548219453,0.347729543127076,-0.0684453077285379
354,0.280781595904464,-0.0738513311453406,-0.0748536661226192,0.940653982278107,-0.767273225816022
355,1.09436279158676,-0.534664036896992,0.0532718555688954,-0.523225276770028,-0.0889121239650128
356,-0.0937915686335227,0.869058663203024,-0.480627796400614,-0.331608782018584,-1.11266069534594
357,-1.37757799597169,-0.0121505139987039,0.632905516685721,-0.0143745276967137,0.763642439504326
358,-0.325758930588509,-0.475222980626415,0.389644415530137,-0.886005203324913,-0.30387860205004
359,0.217687311302719,0.891355040456333,0.457318329583072,-0.506600945526867,-0.343194346816585
360,-1.49056484219605,0.45102659490006,-1.28343184026227,-0.576429932899063,-0.394627415368022
361,0.772716058210611,0.714600058743758,1.42224376692626,-0.623609769742956,-0.286339988240851
362,-0.758585527452592,-0.34380640852879,0.210731369826818,-0.922377337012558,-1.52590744936104
363,0.953285989069584,-0.423170075177865,0.0585636537982043,-0.479675322869306,0.252821089937991
364,-0.317748112939375,-0.0939005490051881,-0.946007682717237,-1.67718581483114,0.985401078010346
365,-1.08563068012518,-0.927589358552613,1.63829517784581,0.336908608597414,1.43146807768192
366,0.276592398500431,1.13024926581809,0.0259250416478832,-1.04667467748772,-2.45179552850284
367,-2.26581085331836,0.992460952549224,-1.55235050482328,0.199211294665951,-1.67771719702385
368,-0.0633988748698453,0.952260786064612,0.0732283691717014,-1.71217501615495,-0.508429326036897
369,-0.648403894719816,1.19840418125808,0.123200588141913,1.40835073063189,-0.384404668869504
370,0.00343862353387167,-0.013410376135277,-0.139305589089557,1.16609035295192,-0.750402852294155
371,0.396043756093745,0.393636242056771,2.55852098099308,0.59481934917973,-0.992944530810895
372,0.461455429315074,-2.13533309800475,1.70527537562238,0.151766002742085,0.68754594419974
373,-1.51835346762588,1.50998294025674,0.14930881013504,-0.56006562935691,-0.70839523704461
374,0.588119802888703,-1.16475859810043,-1.11215607619194,0.537892900335506,-1.90312995572521
375,1.03857949170496,0.322142044659392,-0.694682608613064,-2.0679306592587,0.512276463366545
376,-1.8073531265007,-0.44158052206133,1.77153583993481,1.02818039620661,0.491756208524583
377,-1.06821209781414,-0.913597011819072,-1.62109334193281,0.728666711161542,-1.63763080290375
378,-0.266088076593793,-2.67570223880259,0.147492868585788,-1.01384042849961,-1.67622227617498
379,0.161953925741076,0.406770583276072,-0.50078126147668,0.580808190987242,2.05762198235249
380,0.365880061685788,-1.29401186812873,-0.512484875701214,2.07608878201512,-1.02017142074266
381,1.15861500039558,1.32148215636594,-0.750841757261023,-0.831516173402853,0.192798883385815
382,1.80442294622014,1.28735999242441,-0.494889211458636,-1.2939117929422,-0.48895304000558
383,0.293003166537712,-0.927425852467351,1.05447406020674,-0.763059912567601,-0.391656690442666
384,0.297502783045304,0.438183391738253,1.18436462420437,0.111886443885057,-0.684386468123533
385,-1.88692081293442,1.08948685794323,0.399542508698131,-1.59231972841609,-0.285044890802837
386,0.620238001712261,-1.00721483053796,0.847313433437799,-2.42873437324418,-0.212963339114665
387,-1.48878980269252,0.628820583070792,0.976010454806101,1.33002085904902,-0.258254650786805
388,-0.370953767513897,-1.26350216921839,-0.90498351438676,-0.796956974586882,-0.60662903534682
389,-1.16565251283281,-1.11742311603045,-0.730689875960231,0.92446822471246,-0.726756236211128
390,1.44192090394617,0.820547158082992,0.0450639013731994,-0.758410496831763,0.576041155779041
391,0.197852988710047,-0.726702729633449,1.31785385040821,-0.357734056219759,-0.154171521565133
392,-0.878946858036573,-0.266438726855116,0.0498027718517372,-0.796618684267797,-0.0866993073166827
393,1.68387586345395,-0.738653206127121,-0.0681692534290035,0.789251419614026,-0.230312871258351
394,1.10422902877252,-1.60033916939068,0.175004471767422,-1.71533067794711,1.08844330652575
395,0.0151489388474895,0.389428212793926,1.24640640864773,0.719233611616958,-0.471734702641892
396,0.268132688331126,-1.42209120697319,0.357122406779787,1.02622971564649,0.329970931943605
397,-1.29071170141888,-0.411312035973138,2.17508957687581,0.72036402292726,-1.25673856411381
398,0.993260342307466,-1.13101101702848,-0.717294939307078,0.749374004495326,-0.542265611510694
399,-1.58506716450352,0.866064424199173,-0.947338945174836,1.00749170913927,0.729058707720168
400,0.91208528732629,0.766003355562549,0.474460703756227,0.455480707954326,-0.237640171307232
401,0.0163439820169354,-0.774464709696503,0.315933096654148,-1.22222831526553,-1.29261287844533
402,0.282444096678185,0.282594960957059,-2.02049364403823,1.30729465006242,-0.327229427553823
403,0.0488374657450375,-0.438306637365724,-1.50193871836726,-2.29811780640997,-1.03622202755569
404,0.682623838994253,0.413149722145001,1.26093531162111,-0.338269903969532,0.437426296105915
405,-2.87538300442601,0.199736720520231,0.819022397332626,-0.817900589170795,0.306172101085925
406,1.20951703287026,-1.40699749429067,0.0342499567827119,1.39900158278323,0.122785057611909
407,0.0784121290607347,0.213909709425554,0.216811608426363,0.528076819385594,0.373648651896421
408,0.288738593280423,-1.26315539935831,0.756986166093433,-0.147923983338698,-1.76016249519956
409,0.196416220317776,-0.932839881076129,-0.94368692001075,-0.0130659352841836,1.52508067968034
410,-1.07005590031686,0.989150861276635,-0.231396616785759,-0.0422353242340485,-0.297893562222648
411,-1.38200155825936,-1.90027617222858,1.63181627652392,-0.224474643565612,-0.296325449900488
412,-1.38198775440812,0.557720715423321,-1.596857355824,0.469106250641225,-1.06459400357137
413,-0.739629819979138,-0.0944621521816677,-0.161250796458589,-1.42882992296517,-0.718916413562313
414,-1.1417323384052,-0.967982007871849,1.14215115634235,-0.240695143083403,-0.267107578500141
415,-0.771975990406037,-0.255410055755703,-0.214096563616121,-0.611683895872756,1.81992688677937
416,1.3906449101474,0.495814302545554,-0.965980639147042,-1.10365220352134,0.242790462025084
417,0.412537866092967,-1.04107782324309,-0.0378318442042206,0.278261248467035,-0.329722078623701
418,-0.247588299660586,-1.27945485730762,1.26461943096971,0.156272469323903,1.03815644676901
419,-0.229736773640439,-1.63953221208703,-0.281615625981833,-0.119013845242652,0.986596374476548
420,-0.223042625831728,0.0854920893264305,1.348680830091,0.856121051646001,0.310873425060327
421,0.604339246564153,1.11384245455592,-0.598890920794327,0.237462881417732,-1.63041025118859
422,0.0804120896790337,1.05062470173764,-1.77323484294262,2.03602592110215,-0.785701639651872
423,1.00234731501583,0.247656215112624,-0.62748659906749,1.38767371940065,1.41881699220749
424,1.5042080457605,0.0666526353643552,-1.85071879321548,1.60742297709432,0.303026838127703
425,1.04735463545713,-0.685207513177885,-0.19219676759883,-0.105591537951511,-0.724601991351028
426,0.929343147425864,-0.405860385228248,-0.677956374127423,-0.468664954721205,0.467511907443119
427,-0.887659684389097,-0.681413325563248,-1.09637886086663,-0.971784067354962,0.0353318455728133
428,0.17319952621906,0.63081017224162,-1.69218481006816,0.548682763008672,0.0352395566934799
429,-0.349606097938242,0.374276813105932,-1.22524601943409,0.49740845076225,-0.0565599954786508
430,-0.534678279224449,0.451397104885267,0.215698456692102,1.02118323992398,-1.09893298080804
431,1.48220231550443,-0.669362423265964,-0.400145313187771,-1.9589095437063,-0.397260880322034
432,-0.711254289899742,1.72684438939618,-1.80194733397648,1.2325101757629,1.06106515476929
433,-0.459946922438438,-0.684935787218362,-0.51335487669851,-0.564935325321636,-0.0365113253278431
434,-2.66838525451364,0.294131005078584,-0.142823551072481,-0.174365169371757,-0.240404809492642
435,0.354639177687274,0.58624081890542,-0.0851731364563658,0.0935863402920282,1.20145496413549
436,0.246654356013892,2.08404074822488,-0.264685489929557,-0.881923127461672,-0.134584803642677
437,0.295635917440468,-1.03388494456578,0.302948269058566,1.21640862868087,0.304462431964545
438,-1.85418208027134,1.0033006297871,-2.33308204801417,0.181443847113771,1.92785165821626
439,0.523915218292441,1.02970844550371,1.24868084834009,-0.224763522610883,-0.715782530935004
440,1.01838279273486,-0.0803542057290745,0.522226878812048,-1.45723100427261,0.329363195018291
441,-0.0454613833246874,1.79999634673367,-0.112766251126725,0.527574232780936,1.95816284458648
442,0.0266708124028955,1.63796258659734,0.685469359543028,0.269719840894515,0.5411470415051
443,-2.1758746004336,-0.917383642856031,0.106199960228071,-0.686326835137075,0.179900928752176
444,0.0975419754751042,-0.830811266105195,0.141315229366272,0.399341323372221,1.24459540368265
445,-1.68488609157551,0.232958468172042,-0.0833763113480102,-1.34662050511614,-0.861171876176871
446,0.00656622527267806,0.658263665076071,-0.178683947378408,0.117705697697526,-1.12933499162677
447,-0.401078491738176,0.655333384372218,0.142869889242,0.830219902937301,0.508952311386686
448,1.72126288650671,1.14330543457615,1.76502368202351,-0.94423286247933,0.204303724182756
449,-0.488831387729246,0.392485357942849,-0.355899252545996,-0.1413438182981,-0.793074148908631
450,0.348901655939957,-0.347195453765358,-0.372920015885613,1.11717079636015,-0.0920805047514933
451,-1.21796939628588,0.168050470502408,0.621248899344907,-1.77997330354261,-0.50931961482222
452,0.245839769200761,0.657816595985957,-0.355082794640154,0.879322273832997,1.83720258585191
453,0.454648944821638,0.662440025326787,-0.78800901580802,0.184445414996954,0.182711349330676
454,0.448956373997359,1.29126235259972,0.0823428361955105,-0.463951963704286,-0.278297931628827
455,2.31643092416691,0.15083415527998,-0.718964083690508,-0.659415087507069,-1.10410799669586
456,-0.485762223857371,0.278589462145855,0.611619082118363,0.349649434402294,0.513483295719451
457,1.12378525498302,1.07580341075839,-0.951974523339553,0.794464656092569,-1.88853920055092
458,0.0280131905197127,0.378233447217859,-0.349236319077989,-0.590039566121222,-0.517317644008697
459,-0.605046550608425,0.0249150316632867,-1.34978472882398,0.863022463300395,0.0254065354473868
460,-1.01367828750243,0.389108896093792,-0.595315861367847,-0.491989406295254,-0.164931473192271
461,-0.743607526781759,-0.356814558451077,-0.586692025925021,1.119425574509,0.556131265014945
462,-1.06379359271092,-0.470958416377116,-0.598239878270486,1.29779482932213,1.45395171559434
463,-0.356335961557503,0.499938664485233,0.446777311376777,0.535364331251245,0.398136606584393
464,0.859429049516999,0.826214336082187,-0.571776347356193,0.445535340872983,-0.167524532396349
465,-0.8366289192364,-0.41616279827675,0.591089440286246,-0.522061043657459,0.0652807472479765
466,0.393816191715613,-0.562674647877436,-0.0673768689587508,-0.350142545259059,-1.44895514984255
467,0.778746219283003,-0.125923107400147,0.810439309790155,0.918880356788171,0.721313631715475
468,1.48878615185995,1.13575767519919,0.905118490672716,0.219489921080133,0.448220540458643
469,0.210551113123315,1.18578385114579,-1.71862581305021,0.526869841498919,-1.7898030055102
470,-1.56081239171539,0.956628109754687,-1.14165353535682,-0.138309343096209,0.454229787777419
471,-1.1435867822258,-0.0192070946958466,2.03530272093488,0.268536235226984,-2.1084852189445
472,-0.944996531533704,-0.86516966300046,-0.00320208422192595,1.01606781585816,1.07181810425623
473,-0.731881478383823,3.00703846052646,1.37241238257489,2.30279729696115,0.087486057692977
474,1.30377027092237,0.52030385140913,0.107394756279914,-0.0783932791802995,-0.850499908233117
475,1.12857569864004,1.43726947365001,0.544775165804597,-0.387574978142346,0.248413034275568
476,-0.509261829187464,-1.53743825793464,-0.426269853921937,-0.172177071025645,0.638374507046461
477,-0.18515285629352,-0.101079481341451,0.145924862159136,0.99230324838432,-0.437630231501009
478,0.195537755515923,0.343177121307155,-0.117748099178368,-1.61698364592686,-0.418679572717815
479,-1.21109778842273,-0.784756648815262,1.76770575402053,-0.607922758281845,-0.36552293792278
480,0.19124951372733,0.268917472883822,0.821218750363147,0.0955884347931666,-0.73314297435447
481,-1.0551964431313,0.128432255936082,-0.339410491975937,1.3047956280723,-0.93617326305483
482,-0.279828776815197,0.161083219576626,-0.209549927603834,-0.775477558262728,-0.0628602095732198
483,-1.06317480297488,0.1066966091154,2.00112847805362,0.801459855350296,-0.412392669571688
484,0.263033174564381,-0.786762943733664,-0.302960592909143,0.213769660961054,0.468004675614904
485,-1.17288184060837,0.240377206549899,0.282468050636375,-1.37940683103652,-0.800336354937907
486,-0.115752331615307,-0.271138061132226,-0.970971696155704,1.68832877949475,0.0550823623751307
487,-1.7933128395467,-0.807748259708001,-0.345223518726927,0.923587653775703,-2.12966281713912
488,0.893897576030489,-1.67316175038952,-0.150703458728352,0.0469145151326958,0.0704461040034
489,1.13198734852445,2.265276433072,-1.5008064448108,-0.303372280032854,-1.28040291457602
490,0.161221957440146,1.94401711715382,-0.40387518057425,-1.33810100311004,0.0886324934533429
491,0.0587857565657236,1.9302847429013,1.63794466396826,0.183653637131513,0.631856210088403
492,0.211941872578913,0.0367246032201905,-1.05803210651245,2.77416260055568,-0.0689027021101646
493,-1.31282446225835,-1.18127828674825,-0.357873041354262,0.757121618465131,0.468238353708613
494,-1.73103811343019,-0.165234175849338,0.982975399861606,-0.4262754383915,0.567028571531467
495,0.672945060674866,1.55613669448686,-0.40937168401698,-0.364713749898745,-0.284954952700209
496,-1.57267836657488,-0.414534943011576,1.55953075960302,-1.90455935064478,-0.482906824818873
497,1.41761297511864,0.779407529929294,-1.29358575798478,-2.32699247124611,-1.64527180530067
498,0.55777514717431,-0.871974960100463,-1.35867549395726,0.1879681174201,-0.367975333770033
499,0.111942171428188,0.403527552909147,-1.67881305610586,0.442903584845954,2.77980871323213
500,-0.901117060594337,-0.21082701589487,0.126405015042154,-0.911076223239876,-0.429328049177703
501,2.11288660223368,0.139440203886472,0.365419857931255,0.0715615363860651,1.84904272977961
502,-0.91716922573884,-0.604486046971524,-1.54392796111469,1.24753105595927,-0.856719267583144
503,-0.0751939619360623,-0.884351197925167,-1.56149726607767,-1.04557083521612,-0.512302828002533
504,1.45142472678268,-1.77616875446518,-1.22200642808624,0.440500292404424,1.33941302097904
505,0.512643743908675,0.229373075926919,-0.787777745834704,-1.34532276361743,0.00670242784070564
506,-0.617162143880867,-0.239952876977429,1.06421610174348,0.542423821743719,-0.026691397260721
507,0.042916754149731,0.61771578538105,-0.169478581905784,-0.997920835715009,0.500483320981464
508,1.63181285163863,-1.69777615640336,1.58855335989514,0.978226254411078,-0.256235276545124
509,0.0642315145323789,0.943806747342966,1.05143340008534,2.19634809281489,1.33783071406803
510,0.587009702234847,0.76609922814996,0.552615625363568,-0.111599916008992,1.11509882724147
511,0.591280110404619,-0.710946844271329,-0.446607784339534,1.34327570696218,-0.927932584402978
512,0.409399682090955,0.714564830522417,1.84715864918097,-0.3993749836679,0.946530850972108
513,0.459408370863746,1.10712362811814,0.5021719858821,-0.978151492607769,-0.260665515563002
514,-0.0504126510769428,-0.792174201760301,1.67004969186182,-0.441800973988193,1.54790849669649
515,0.133854003523923,-0.839361739683992,-0.156235388061287,-0.315352483299947,0.00904496811866159
516,-0.240035783788776,0.575282906698983,-0.342947457032107,-0.159158059232203,1.10910015024169
517,1.13737988870857,-0.00574718331082475,1.48858265604169,0.328899984664432,0.594777353587647
518,0.243327078278512,-0.808034976823081,-1.17718388525094,-1.41719472536147,-0.203219924237451
519,0.840930355104221,-0.34571080040374,-0.0742813462339611,-0.0751828787354293,0.94809325971818
520,0.319969394661464,-0.4166714834476,2.16600424708863,0.319938452913012,-0.450279225908522
521,-1.2733550980316,1.04163829913674,1.65863802472388,0.0935987740609927,-0.257621639026756
522,-1.63257287343529,0.145341580544698,1.15446948501215,-1.31615590153726,2.76244937367267
523,-1.29435817435356,-0.541992457906671,-0.521225037659107,0.593589640677304,-1.82368526460886
524,-0.465212299226335,-0.214459633204977,-1.86760185979611,-0.0565220424712454,-1.03981943709935
525,1.43831030778922,-2.34510488321476,0.469829723132605,-0.448081450257338,-0.00424242647966764
526,-0.123762326348735,-0.286861808907218,-1.50853849934241,-0.815906658866539,-0.924636975422056
527,-2.02203504275649,-1.11406217296022,-0.740074705399065,-1.00421445027622,-0.899343407378798
528,0.0157357511624063,-0.919253761643965,-0.833281939556661,1.32803809344518,0.921469600295979
529,0.806600769193358,-0.516273815181092,-0.376915196005651,0.775434478974643,0.807437825122923
530,-0.0240614309026871,-0.39354158326089,-0.77161874563269,-2.35752316700704,1.27009028190253
531,1.69947816491289,-0.414540075235892,-0.131675363821363,-2.06501962155911,0.379780384528249
532,0.602518051339877,-0.190667948514949,0.462171982268098,-0.668651574483937,0.141444328695834
533,0.620445735939805,0.11732197248385,0.0951001719064547,-1.24645417180277,-1.38664581394283
534,0.158540179744647,0.0667307378878381,0.601013895571286,-0.803193493789991,-0.566637041617152
535,-0.440884824945381,-0.466205797631771,-0.427134573171299,0.798983659346623,0.825263413844145
536,-0.573114320389086,0.395557099811937,1.07341219574774,2.47325133219589,-1.19902619136083
537,0.78300915702919,-1.90494237095937,1.39508791526629,1.52144643959117,1.18608744797438
538,0.671274619954326,0.659618624806509,0.843905757557558,0.114697400815732,-0.772613917896468
539,0.604848751296572,-1.30858955095762,0.567867006752056,-1.17833213882643,0.381887910515479
540,-0.512590383699358,-0.134519008963398,0.895851042340014,-0.810123866305549,-0.872025679254751
541,0.933901316171177,1.12312217720663,-0.24746333734776,1.03709270439866,-0.766797266037023
542,0.518288105898539,-0.768495701566043,-0.43821893441426,1.99261610831122,-0.784180556626914
543,-0.653626082229027,-1.06807815334409,0.542112875668519,-0.84709984026512,0.877604548295253
544,1.87869718103538,0.342390967437132,-1.32396522315296,-0.220521810143573,-0.159853507924517
545,0.346619485724262,-0.289097685332204,0.33503346431704,-0.652032158027962,-1.61985995732655
546,-1.68947915894775,-0.167753944405488,0.533724879907334,0.406851303728783,1.94773760855382
547,0.860430473599411,-1.35720126350501,-2.05182525691493,-0.199614563709433,-1.0887782941757
548,0.825208147254838,0.318289437856958,-0.328537058536891,0.638979710323772,0.407243990195064
549,1.1764903778145,-1.651913605069,-0.696001398228186,-0.769607153219683,-1.05722813608343
550,0.255917067981422,0.11880289842523,0.608564235630257,0.446070465228824,0.864867481760045
551,0.430425189482673,-0.00888025378113723,0.488786763817492,0.645546667096752,0.228831238776533
552,0.296336931741428,-1.14276599124419,0.0544803867802137,0.374255666959426,1.61097778958688
553,-0.573096811255892,-0.210367276181361,0.441093767211715,1.00953536577065,-0.602515342486918
554,-1.50553876961001,-1.62055786832026,-0.161461718403505,-1.26250186928645,-0.2128929621885
555,0.766986097093286,-1.08001493231412,0.55644069725038,-0.724714178149064,1.83673877831458
556,0.0808412977019806,0.124614371959465,-1.65945355128196,0.549360117172139,-0.552399738619401
557,-1.21236310588496,2.16690644892239,0.411841722135403,0.58591226602099,1.3106177317252
558,1.42836440050874,1.54628368877925,0.94159944134754,0.310043913880555,0.4807356554179
559,0.750954115499589,1.40819824093197,0.322403919525857,0.763810619707012,0.274141100425838
560,-0.253374352420373,0.142111338730432,-0.083674915950898,2.05979339964371,-0.878814758060254
561,1.18725182765008,-1.64956693822413,-0.578016189539347,2.8725955135577,-0.614213629695442
562,-0.420821512092832,0.194150750255076,1.25660429622075,-0.414608067221481,-0.837016439933933
563,0.472820197075194,-0.0303019336670552,0.355532601769714,-0.069422692620896,-1.9011425645391
564,0.684846066403193,0.31494627016948,-0.443106361680052,-0.157710202341238,-0.946613117639186
565,1.06242640319934,0.0342036173995938,0.320399211953335,1.46532980233518,-0.319976793189193
566,0.617790852621054,1.96620504997507,-1.39456781215691,1.35795665888109,0.670573566203827
567,1.15957060074818,-0.141687222711464,-1.59843333490652,0.089268361395451,-0.339331662406328
568,-1.01642108732959,0.434324309753573,1.04173052960569,0.772045502029076,-0.111884208896491
569,1.3363491677022,0.414961871384261,-0.174809175522304,0.556604346005407,-0.0513952623135234
570,0.734704581848344,0.141483452148607,0.810854116523892,0.20098991472651,-2.27872116361958
571,0.738670281267656,-0.423805518767339,-0.73630417130545,0.0385107981382345,-1.91063552683992
572,-1.42641168751107,-1.67962694707377,0.515912631482384,-0.298177511881838,-1.48801525984105
573,0.540454196212446,0.961147424971233,0.188980504020744,-2.14053447518833,-0.660576871846947
574,0.274421035521328,0.62132140994995,-0.0169982275289016,0.0334853627263722,0.594461737106483
575,1.43876801929536,1.17998287495414,0.872050817798146,-1.08084066122659,0.238973279281171
576,-0.721305413966025,1.18524792049215,0.588940698683763,-0.478650353402397,-0.526224979615252
577,0.800147965109615,-1.24164767149581,1.83722059081625,-0.30487578025406,-0.467143027317869
578,-1.18767950081894,2.45074635583597,0.438147781504032,0.137981570135547,0.439038645914408
579,-2.17853273223673,-1.13637393791629,-0.984807137708029,-0.180005940204825,0.705782051091122
580,0.612960486801823,-1.17020273617403,-0.50856421213396,-0.29217016340188,0.774066557846702
581,0.153448400719023,-2.25685855929601,-0.596231044419258,0.138104726573346,1.49450544151402
582,-0.419402568406184,0.173564595769561,0.0899498137176964,-0.693604900128522,0.923937243302202
583,-0.771411273936646,-0.577938396576853,0.223881513669496,1.44975658286336,0.422500693201793
584,0.269101033490527,-0.465161075731952,-0.529380237628701,-0.175943963146431,-1.24175784207195
585,-0.641018423866491,0.867681703452107,-0.639727850512874,-0.00864669663231463,0.300251554105458
586,1.0572173421156,-0.345834319894053,-0.0321583525394245,-0.221200389476343,-0.936263413845757
587,1.53112931256355,0.249682460816262,0.347709505395927,-0.316247405974089,0.0398064972805802
588,-1.07584159103777,0.141317124608166,-0.575140415477953,0.976819463805537,-1.82350597604494
589,-0.216560502729653,-1.45058964241246,0.456203446541543,0.985464446304055,-1.96603580962257
590,0.0226509976813197,0.236745751568187,0.161911192833917,-1.80516509026616,0.458908141428748
591,-1.59597503136507,-1.94529755558813,1.58562024534754,2.92274374337306,0.523630921889985
592,1.05041396780658,-1.50174976199289,0.951008440625506,0.260268597599215,1.81453957725538
593,1.43573229928844,-2.42105616570497,0.280188814131932,-0.243832552334799,0.710207654730449
594,0.321267313398391,-0.253478606080129,-0.428393485135443,-0.0547245341656615,-0.873341496876047
595,-0.767250473521047,-0.623698855627036,1.45384478919681,-0.660817621420977,-1.36271442696823
596,-0.8440107475777,1.34985154979445,-0.698252822114538,0.239427901226765,-0.110034330648964
597,0.578533211590764,0.810195066094848,-2.64349806580538,0.928658301894668,-1.13382360230421
598,0.625124248331007,0.548971432258544,0.97993358909683,0.893183507700541,1.80073117480503
599,0.654451667601147,0.898385425656145,-1.35837277739853,2.43724512756726,1.474573468165
600,0.561993423068774,1.10578002726207,0.0195913028286681,0.280137120601609,-0.0638765573337137
601,-0.37448956982931,-0.548182248286656,0.365293513897069,-0.155761459995787,-1.79854974078888
602,1.42002820689167,-0.529402958587342,1.7438335077686,-1.26549846940988,-0.787414940615123
603,-0.96630896135277,2.32159425639242,1.40141532555937,0.211739949544762,1.21325269341697
604,-0.606924740661084,0.606505311615208,0.2017879515319,0.672222743826447,0.739317713335516
605,0.641883605005791,0.10440196550043,1.56638677362597,0.425827676264091,0.760526300190921
606,-0.577119359996928,1.09710906405426,0.339988973449842,-0.241499506742539,0.952381101619628
607,-0.621151085534237,-0.16987172958039,-0.552741247266738,-1.48210000086478,1.10538808597576
608,-0.962858957588118,0.429836813028202,0.813595914878163,0.10951472871786,-0.563891673021681
609,-0.0774515767354248,-0.241246044982214,0.576105749091112,0.922884951669982,-0.210019412724061
610,2.44707689206441,0.154960537600249,-2.10132906612453,-0.241902221201698,-0.743001666711967
611,0.97806846111106,0.61467262477564,-0.096402077149612,0.911737502656095,-0.81383442923881
612,0.488403854833992,-0.280186712548662,0.876281740657832,-0.549436920113151,-1.87981160338614
613,-0.100836501266769,-0.468797588430357,0.793291152788469,-1.31579071034849,0.718423809172874
614,-0.175843745562909,0.898973669066329,0.0250107005849364,-0.91597378335924,0.0862533808530697
615,-0.924273333340081,1.01272045051077,-1.84413186429441,0.124301308860838,2.23506947767836
616,-0.718299475119773,-1.08502945120155,0.85333544033485,-1.16055823568197,-1.22374802846865
617,1.99877598121634,0.155460555547238,-0.71050614114077,2.52531881539446,1.29721735528905
618,1.36696921008185,-0.574181736790697,-1.35760101481088,1.75869474853334,-0.418857351235171
619,0.307194945436667,0.666877278518267,-1.21959667803652,0.575327784378572,1.29677398410881
620,0.521403059277506,0.677753375141145,-0.755893622050687,-0.196385826323655,-0.0477885013250617
621,-0.691447166129637,0.826728970611284,-0.446407587582768,1.25952273998929,-0.809136287529918
622,-1.16465204989027,-0.473393114408957,-0.0217784343186009,0.0544721294290204,0.374945357031598
623,-1.55411931658279,2.23328011692002,0.668697044196916,0.755354830700163,0.59621305674942
624,0.733888590823984,-0.420997116529859,1.97704038767331,0.736231982276908,-0.0741713549604971
625,-0.740601775713146,0.400891646819311,1.02670397318219,-0.383724078717304,-0.176835198846888
626,0.332371867643041,-1.40413429447172,1.47783175513435,-0.99981880354521,-1.9800986847728
627,0.287073144469555,0.140919348783476,0.724504314495146,-0.135446575045571,-1.77440682527392
628,0.422165382263493,0.470964087829184,0.0798227354057691,-0.584783701426521,-0.382929558239686
629,1.27418001354126,0.424722099709562,-0.743709789323126,-0.123903339171003,0.688933270905701
630,0.31344757015783,-0.309978302299724,0.169407780897889,1.4512192282854,1.30640863207278
631,1.31229305360274,2.18839585285372,-0.0580136178637315,-0.546747321428429,-0.0777600457712605
632,0.475966084801595,1.14393442644777,0.802465127238572,-0.0895722741914654,-0.0515334866279524
633,-0.699120156815831,0.818215103818225,-0.297517476177203,-1.51544959636915,0.364610186265715
634,-0.664754783558744,-1.20131996832163,0.590937141068591,1.12709560778887,0.160044973858859
635,-1.39399168502341,1.96224266525542,1.76673018223186,-0.045335861306611,0.846150398437073
636,0.135711106988319,0.906336613729598,0.703762366923553,1.04312878543935,1.60077584322489
637,-0.621560723227529,0.316790081328257,-0.493097608302413,0.000937585070639486,-1.62091582491574
638,-1.10379438518709,0.000986021426261321,0.373644955827984,-0.581839167567304,-0.755928485420581
639,0.226108700085492,0.83751984199109,0.275444695240211,0.554179513557503,1.48277870715818
640,-1.51466080617777,0.280268394039369,-1.13967665801488,-0.587163346867016,-1.27181150516549
641,-0.380380536113172,-1.09763828171049,-0.0228992356691964,1.62364133570136,0.697776814570464
642,1.95843799063712,-0.493296631509294,0.172570735811176,-0.0740083460713878,1.15010560171589
643,1.13908914753363,0.723357960086814,-1.31958457913527,-0.952153073240822,-0.825729113610818
644,0.692055397182074,-0.699942756554585,1.16776266354436,-0.0427178554407959,0.782841880407567
645,1.15560580295317,1.39117192102436,0.477786247147754,-0.415802816450967,-0.160432791496017
646,0.608784231391907,0.0436860194355894,-0.0391288063370916,0.64857681588399,0.210228609109039
647,1.37994551771571,0.0660449163653767,0.928999036002756,-0.736652556099464,0.553521984429547
648,0.147255451837151,-0.254547863889715,-1.39150404682217,-0.238073375651717,0.643837371517172
649,-1.36366361155467,1.28224504243938,0.34481414636427,0.323995122843546,-1.44754345672084
650,0.342861824268974,0.387010411710122,-0.667531045681281,-0.182915606273816,-0.455881181437835
651,1.03839603986875,-1.04449248182099,-0.803106026764609,-1.49391454325649,-1.24015347291697
652,-2.06150128341289,-1.90848898201919,-0.24260801167765,-0.263424154088942,-0.828566991388287
653,-0.174630151691276,0.550583352816156,-0.378446504862906,-0.835816001430775,0.521635781220174
654,-0.960901717097128,-0.199232550563617,0.880722997269962,-0.975356049770886,1.0485224918633
655,-0.00873455220415614,0.663208709513329,0.587970370848911,0.186317349646236,0.242039516888317
656,-1.79790782321372,-1.7114113929617,-0.274318046648236,-1.31834138141032,-0.0100006243601501
657,-1.13609098779174,-0.866366214873646,0.516724775818424,1.72063235496054,2.31139223002304
658,0.106575216502407,1.16554459016525,1.93835678890369,0.351452959008036,0.805654882550975
659,0.966295249186289,0.332191241993608,-0.327437731266632,-0.42005802226466,-0.435815604070274
660,-0.865597172272632,0.145122020000791,-0.631173826986736,1.60646275105114,1.97947213331617
661,-1.09340226514165,0.15744745223321,-0.81048307435025,-1.02985891709146,1.45548952346424
662,1.42138062783712,-0.84133994961185,-0.491062860070638,0.364121561958139,-0.580850801066167
663,0.0765585393190132,0.675439322927456,-0.0522746076436869,0.546291809488575,-0.657732811779792
664,-0.302901459656548,1.0275741325218,1.31613738187807,0.758633758627154,1.53038610623708
665,0.55837806357878,-0.902072832092334,-1.61441661298083,0.0211021188069795,0.355713540762907
666,-0.622445957774868,-0.295331451525197,1.60715796275726,2.22262733711371,1.97072125011142
667,2.15178145619836,-0.437750788936137,-0.445752578994621,-0.354981769963843,-0.793285322000762
668,-1.55592244291212,-0.165088041857105,-0.683159935328565,0.331553869809212,-0.287468151315873
669,0.3071474182441,0.844029191591085,0.377335678857942,-0.603946564081459,-1.47459731015832
670,0.933002600045561,1.14188167476142,0.764562353308977,-0.802853880585322,2.0111487441598
671,-1.01629811566284,0.443039903798562,0.995852881339793,0.565045833234017,-0.951635697370226
672,-0.624574296346186,-1.23146642999092,-0.369500925411412,-1.36680702098486,0.282743468774118
673,-0.176296203271778,-0.208430911829888,0.663130675114281,0.534345081125904,-0.146318910055979
674,0.0773350149030541,-0.876099218751294,-0.51957954181499,-1.2716418080847,0.0736297120076004
675,-0.351162043047106,-0.744315382196068,-1.14993453155676,0.324904275399662,0.603414018161837
676,0.743116045251294,0.00471048933119534,-0.465867170450833,-0.6069823618047,0.289938740951652
677,-0.562192397881585,0.118504439653948,-0.51423831337014,0.577172198756619,1.78767173122681
678,0.513069425935346,-0.139645206936896,-0.0993616282621801,0.949292526513048,-0.807313629033027
679,-0.508598834416097,-0.542232613092934,-1.33565912683618,-0.0697291624788473,-1.8531552357725
680,-1.19172502063111,-0.37002247286176,-0.218661220210665,-1.19255701334581,1.05792070245526
681,-0.809609112992715,-0.0703782291676345,0.262950912006408,0.0806794964196999,-1.24183895269154
682,0.84554047518931,0.24773586386468,0.649581435066182,-1.82348871733482,0.0447839588435362
683,-0.54477393032336,-0.0685470357229724,0.122636707773146,-1.02901637063735,-1.96538084330177
684,-0.897621979297607,1.1893922528025,-0.278715271784396,1.51217203502227,0.412710833534433
685,-0.455775805567067,0.0200120798661786,-0.540164095903973,-0.387718163485794,0.171242462143571
686,-0.111375486889236,-1.43883142048033,-0.0508079797486226,-0.734494612463974,-2.18888472969508
687,0.564345616988089,-1.682161841626,0.237041536421088,-1.60793239622056,0.993544278826961
688,-0.184520698412011,-0.161777780379977,0.146612247694754,2.50710230789461,0.549332417749436
689,0.956070132063161,0.371663203639269,3.32210661488942,1.00122867113669,-0.0330624497100785
690,-0.522083538107744,0.0326269471730582,-0.521176559871309,0.374448084720712,-0.212425163551632
691,0.461828453022858,-0.218216886397599,0.170674358624183,1.6196108719641,0.622020210160205
692,0.26966922295072,0.956933829143638,0.753415271875342,-1.69704614169075,1.70506002567861
693,-0.328269750330611,1.07980666086378,1.2850944229223,-0.102686827658722,-1.3306071202912
694,2.13573487475018,-0.682717251737498,-1.08233004200124,-0.278187586778615,1.23249104454676
695,1.13029160253933,-1.50599372219474,1.32218012162369,1.83317867992473,1.38740790022008
696,1.67539437315062,-0.199911068901153,0.252544163036675,-1.06586694762898,0.339995005892323
697,0.312259792414232,0.548038754780803,-0.72475874428739,2.0243309594205,0.252726447881288
698,1.33333847703179,-0.990133789799404,-1.11253803351745,0.135973405911871,0.649193273293329
699,1.23555985778172,1.40534301693583,0.38364683820801,0.432169606533271,0.826941682063653
700,0.98144816833838,-0.677157639331007,0.312855973789456,-1.38871893834429,-0.904431768483169
701,-1.3112156007562,-0.85740675377548,0.176019129682175,-0.341103522813476,-0.835747557676394
702,-0.964797807700173,2.41984729504166,0.409449786269428,0.677092042305719,0.660182520209149
703,0.0132352053512749,0.136313280556439,-0.146080870907434,1.70747557468043,2.21944326966454
704,-1.28740154038224,0.611540580859276,0.456723869951157,-0.191152962980127,-2.06242160564112
705,-0.38838915635449,0.380789100943574,0.29452094968208,1.44119016419864,0.638197732043642
706,-0.239922954248056,1.29775469174145,-1.00176957566176,2.31540220087993,-0.425530999283548
707,-1.38322529640532,-1.25229404539421,-1.01944471812775,-0.200805443877416,1.79173810510585
708,-0.509127076644397,0.476332706862235,-1.1255209304365,1.06815802814557,0.92495554048639
709,-0.136597553063885,0.166256269382444,-0.220713799323808,1.17479803079133,0.96039819812558
710,-0.135928557927629,1.18639464732853,-0.611145966047369,2.09208269896253,0.489659469062015
711,-0.25499361873994,1.2893607261371,0.237715849277437,-0.363152591419689,1.62808350372461
712,1.28625594500042,1.26835851631124,-0.774532512346262,-0.0352491551844771,1.45815983931697
713,-1.25428688887219,1.018726507879,-0.0157965659890443,-0.173713841981021,1.29540874010766
714,0.142287412170354,1.47860673707378,-0.631555464262921,0.255898555565391,0.873173308252391
715,0.57552105997007,0.587279058975137,-0.618728483928467,-0.418983541877131,-0.429690470318804
716,-1.03076895261781,0.979429201597021,-2.01451209606531,-0.872184845667824,-0.806621969832279
717,0.597522837537139,-0.794989249202518,0.595941733100276,-1.08491829059703,-1.50615642950171
718,-0.488298065440436,-0.624386206753498,1.34723213146527,-1.67303105605275,-0.0460989208608778
719,-0.522563731752169,1.10923246138298,0.507896852274364,-1.41694156161422,-1.19751188931403
720,-0.389621370582001,1.56156865456262,0.640640127881646,0.0990409898674339,0.137577052806557
721,0.680846891725302,0.805084669373749,-0.270908076671904,1.87641108745531,0.834695834638008
722,-0.359298803646493,-0.0544387634599586,1.2516923612722,-0.0607797861662279,0.17623611309568
723,-0.922272177370709,0.186719958996833,0.523355719191549,1.94764823163482,0.428588616730006
724,0.115945890859707,1.44555225612015,0.0825998303914206,-0.807700643147959,-0.0592045948852563
725,0.418159484976834,0.238483677466499,0.0730026903986267,-0.26437487336762,0.287038380865318
726,1.06531671946811,-0.997354864471703,0.541109810699954,0.052720629184769,1.64315191722858
727,-1.72698769276861,-1.50821170588558,-0.580855788313758,-0.0481151945962711,-2.09425336810389
728,-0.497301628533731,1.99427631715832,-0.873565814220233,0.17673648559208,-0.197127516350488
729,0.645676562425281,2.05654344306822,-0.468315025844601,0.740496751679172,-0.887961356581808
730,-0.14613094489399,0.472487259557366,1.06085193919282,0.198961337359332,0.274785543927887
731,-1.54050824544361,-1.14488536557436,0.355165920657262,-0.165145290097197,-1.97316862041986
732,0.0942780716875792,-0.781773007218023,-0.370560367875061,-2.20097925014986,0.516518406870828
733,-0.759766115474969,0.0235406250434187,0.411070241056377,0.0132033146806205,0.153558648544731
734,0.845154954876299,0.237678606985762,-0.335099411954998,0.477698967814219,0.398195542619576
735,-0.345766586944755,1.07743037817457,-0.653634367787878,1.12023612874954,1.31608683338754
736,1.27712155302632,0.269538803866711,1.12322862071755,0.282735749507557,-0.416133456296431
737,0.796514386252821,-0.656421685770238,1.71711344829667,-1.36521146530979,-0.185934784320277
738,0.885666639684637,-0.647499466057505,0.647286533631183,-0.843985430076427,1.12330925087576
739,0.237044845797744,0.0520258504768931,-0.169893210909835,0.535041445138334,1.44782061911835
740,-0.484296935299683,0.165557171176002,2.28794436058831,1.21733063481385,0.866411582001614
741,-0.0531386777708885,-0.735989706039945,0.0510396561868923,-0.5414941626455,-1.57722543680166
742,0.0644870565992678,0.405396120454446,0.447668407321559,-0.707319135129233,1.66939266161891
743,1.67193149786191,-0.636467191240601,-1.15295627208866,-0.828423249983006,-0.247740013273226
744,0.881172359672331,-0.677409515694432,0.604529655866662,0.811390806154465,-0.201344507553713
745,-0.120149883299718,0.645069470163538,0.0806268023346757,0.854232714964977,-1.98376786765945
746,-2.06856315603508,0.0997149448680005,-1.02633675995857,-0.536333180691408,0.653229206368023
747,0.0965024580269992,-2.47837923107343,-0.686445053978712,-0.450115641920802,-0.281048824609488
748,-0.243961192111528,-0.599921522306867,-1.32331296204476,-1.34314290606625,-1.15928062658499
749,-1.54458991004912,0.5807614973353,-0.420757050120872,0.903382690055674,0.184637433681198
750,-0.877620642351731,0.837091905570248,-0.393353355143958,-1.28901656583901,0.395526511505124
751,1.17069172924734,-0.27651136491989,-0.632085253270892,1.55184368680023,-0.00437649174929097
752,-0.315934832347157,-0.322534318487353,0.692302354345363,-0.00336240374273034,2.16912155581434
753,2.08955721984041,1.05318633495115,-0.151485205646883,2.54576793116485,-1.48295179823187
754,1.37217059687499,-0.575051033166722,0.766058052859143,-0.957654505357445,2.10861706041328
755,-0.273221006122923,-0.284738968350125,-1.77002934023462,0.440288380483182,0.150954191483801
756,-0.179576664197249,0.525953537988025,-0.715424505472683,-1.2226727829753,0.509642888512244
757,1.637235921352,-0.223250396115867,0.410171809583985,-0.471304346563184,0.0134187613172178
758,0.00788419049553145,0.00736338112804765,1.17110967980413,1.41019191479857,-0.545008765613399
759,-1.88942154425178,-0.294102472725044,-0.880530719580469,-0.0390916988838991,-0.119789252432271
760,0.491727869283338,-1.22402269061701,0.177122666497666,-0.296410663014441,0.676261246141905
761,0.741477786534154,1.03673869520798,-0.813265332038169,0.990690361673167,-0.165599647423199
762,-0.140956185884247,-0.364226692261259,-1.22772706466839,-0.834498138067778,-0.0799567027566599
763,0.706911875409449,1.29918354098313,-0.670477983738523,1.46757810981119,0.617139262759481
764,0.203637290855571,-0.592002449808065,-1.95158191983205,0.860846731774573,1.56135544333254
765,0.243964679122542,1.18714350676849,0.0249129884506592,-0.309201039858827,-0.90750046085925
766,-2.36677632476444,-0.945773985484032,-0.242795317259506,-0.658237771950871,-0.887088533023282
767,0.767931591025259,0.592015033570663,-0.564848788544443,-0.0922362815086094,-0.0238353989378321
768,-0.196950505995601,0.576185164910274,0.804488405594657,0.688341987714596,-2.0416062107253
769,0.170339531875895,-0.70590405814144,-1.95795706763254,0.384994635237543,1.72620422027311
770,0.662679610991834,1.14394159239734,-0.198629972263196,0.109297436151373,-0.0423912390433814
771,-0.416976168879944,-0.614866704910305,-0.85554373449879,1.62116216962662,-0.705692764781986
772,2.58455707119942,0.3513887862212,0.603353157534157,0.511618808633532,1.49454633516742
773,1.03827601288417,0.221405183258726,-0.379319561729776,-0.737381358048958,1.53495850256877
774,1.22473125098131,-0.875494410516722,-2.25960416361922,0.991920090508874,0.224218224113821
775,1.27205384097511,0.599122140936017,-0.592997694607592,-0.398811759962201,-0.626523187594652
776,-0.270729252515365,-0.301122159245002,-1.79321087793115,0.0569817608908374,0.0370224027781696
777,-0.935385829057724,0.230065646812533,-0.298215802239654,0.102161963103545,-1.83675910269644
778,-0.739733394703178,-0.904300534824187,-1.40920492931433,0.567809948571483,0.197821213434911
779,0.557762428896607,1.10316573937739,1.06383381854863,0.0177555871129725,-0.797142655483144
780,1.18065617509285,0.891103857091487,-2.16989754335569,-1.03764291284979,0.43626822687102
781,-0.59824614402021,2.70879451776945,0.0378227733646005,1.10162705539365,0.103923494745535
782,-0.829580544506229,0.0757001327372194,-0.901521109264021,-0.180328367909813,0.85931237716961
783,0.116616073517921,-0.276033903599573,-0.727860017707399,-0.309299958780269,0.10953044487454
784,-0.132982615722336,-1.52710086246851,-0.258664384561795,1.12250044682538,-0.838655613348621
785,0.123512167600644,-0.966541119380903,0.1630699288743,-0.190959955490747,0.54735653691415
786,0.985784328901276,0.27342596426198,-0.823937434699872,0.525230802878463,-0.120402498557835
787,-0.98265331040238,-1.20851588613234,-2.49572332179382,0.565753542654987,0.0819406686469016
788,-1.17204985405415,1.31249063805097,-0.337768871105812,1.50283048395363,-0.697850682568263
789,-1.1777115367829,0.584681731207846,-1.27910736408205,1.70899252566421,1.71585001361083
790,-0.515319016230966,0.726633493862539,0.220501884931177,-0.0532972572046598,1.20720335912392
791,1.11302424891328,0.175784785669651,1.10680630844908,0.371072425900136,2.85860645140393
792,-0.86107335873139,-0.211886665152558,1.17373217860749,2.05167636251025,0.54816336189831
793,-0.0790209485293581,0.589004236726161,-1.01604189939647,0.563464810919603,0.0144533623400182
794,0.219104005204966,-0.25483214525113,-0.177072213495408,0.906706640734402,-1.14756132510792
795,0.714921182173548,-0.351391283897839,-0.244474261240009,0.956998045958252,0.0829014082782973
796,-1.95217125303598,0.107252792315741,0.0613717134305706,0.285162905705911,1.31432293000314
797,-0.742922298212185,-2.1605463268911,-1.19154269249843,2.72271364436211,-1.14680417170561
798,-0.844414984293817,0.787602685676952,-0.212147002517292,-1.88971239986913,-0.531644775758094
799,0.34371787575429,-1.67427378602268,-0.707644056632866,-0.0475622217706813,1.23523576681426
800,0.803825260635818,-0.265116758413039,0.969405775999297,-0.707546212191836,-1.32477771060629
801,0.743908368275254,-0.85087423906133,0.213656203430315,-0.67238709339083,0.101913317014895
802,-0.160431390344989,1.6729220912375,-0.734867507292401,-1.34669490689516,-1.16261026520908
803,-1.26284085444846,-0.703137765045854,-0.056695013255799,-0.471415440908505,0.189357289258373
804,-0.321070521648607,-0.661305162619613,0.587552480760729,-2.03433702984148,0.406780485560073
805,0.705353881380611,-0.176790365866446,0.248833780280327,-0.31055035492382,-0.572277079820983
806,-0.480449018904903,0.840396675679633,-0.673945982119019,-0.550370201297383,0.0482730362457602
807,-0.330495198482581,0.38670446430875,-0.862038547195874,-0.0693890368684606,0.543119770586486
808,0.518132287014523,-1.36762519955484,0.774865222956955,-0.768868806268111,0.970869731127689
809,0.229751970804108,-1.39808506659427,-0.79156807780879,-0.0512286558688773,0.0442847421808027
810,0.681636631318775,0.111910269233372,-0.16646626639996,-0.103344823764626,0.712929280884817
811,1.14381380296429,0.72587890422693,0.236487295321937,-1.18722657607199,1.18888037073706
812,0.154257796469363,-1.10886464713068,0.346339825833836,-3.12889508428326,0.353168739213886
813,-2.1797971461351,-1.05421932058194,0.20073933482476,-1.27275936021986,-1.01745795578802
814,-1.25602812119354,0.55806939663682,0.777821591749179,-2.66600375402245,-0.839921084862395
815,-0.301021630984882,0.576479139151338,0.818862752375859,-1.35259175569879,0.89097945897695
816,0.129783309846083,0.186386202332585,-1.70613554226044,-0.308316386942723,0.604750250630907
817,1.42682369518902,-0.977012311504284,0.410895447549412,0.24205187677698,-1.77862402111373
818,-0.14542699695769,0.160402445399513,-0.407976187618927,2.19798455240451,0.258747489477449
819,1.22334867209219,1.13044719547472,-0.340273124275621,-0.655985696515137,0.600444640667218
820,0.887570919587005,-0.771689196610817,-1.42708502555492,-0.280996818198113,0.82340061302652
821,-0.323449388338968,1.98824802176871,1.84731432133746,-0.984689590163756,0.619932987833916
822,1.14191995799477,-0.441240137372403,-0.208279847552046,-0.250564744054621,0.453605209111931
823,0.59579951315991,0.171827383709233,-0.689292176490842,-0.775429154479616,1.1625493451909
824,2.36675610229868,0.655155072161102,1.77390918315685,0.378371289984557,1.04964354154137
825,-0.15390882225903,-1.56855450459514,-0.895576665660097,0.338300165985019,0.130489339457002
826,1.33169495703398,8.84954859494454e-05,1.40140381859064,0.71112144960565,0.800121280434173
827,0.502075110679986,0.863470248448819,-1.394809479464,0.0267762249467689,-1.71608016629084
828,1.57261446697526,-0.943502545306733,-0.285314466158135,0.013914958577314,0.477142086476027
829,-0.559717900250088,1.00738415738634,-1.11056541604539,-0.636473829170199,0.44045214155538
830,0.150560051687406,-0.626068023116891,1.71158852919333,0.616120350574128,0.422003493367588
831,0.519824168575017,0.392765874412246,1.5024548521371,1.77430904422308,1.46047002025106
832,0.161290835134573,1.3229955568598,0.395375620580145,0.871636808225611,-1.73971576715455
833,0.0763749844700878,-0.191732347587659,-1.53147611361564,-0.628971014104162,-0.087434933854753
834,2.50274509531029,0.476343147525542,-0.207362244123992,-0.710441110771383,-0.845745117436026
835,-0.842772429902041,-1.90430577091765,-0.841476698347844,-0.723222559692577,-0.541802846954859
836,2.25816283465874,0.155266573338919,1.44581744889277,0.635033220974283,1.397358922356
837,0.582597738848816,0.0148485863750857,0.661100913714122,1.50270774382802,-0.122378112849737
838,0.784717296742857,-0.693909996646694,0.690085054638881,0.187357078217218,-0.841310378423121
839,-0.0141418999062939,0.417844101186366,-0.0779813056158542,-1.46284078510525,0.249836486932388
840,0.372624888157887,0.335834014863571,-0.220116347210192,-0.901791431581478,0.253551504240627
841,-2.92120808067386,-0.0092192471250795,0.165508868013655,1.03206796298105,1.58195164907798
842,0.219584144416381,-1.02465548506326,0.393030490947492,0.461817890635082,-1.27811359775246
843,-0.672234116797257,0.208662460386189,-1.0663859327245,1.94464155967189,0.521983586731541
844,1.30037206423509,0.85470256619256,-1.62764036829129,-1.84154036662412,-2.30887706087224
845,1.22456412415833,0.76348419018341,-0.0757333517879241,0.537361301373639,1.00799511982646
846,-1.56080132078963,0.224142835724815,0.852358950105899,-0.756880034359507,0.614191138087564
847,0.451811367059492,-0.839750214487729,-0.160307606644604,0.742613744318679,-0.567144966762266
848,-0.0877323318943091,1.9831403859351,-0.0748933233733122,1.85112245028584,0.312657843750538
849,0.0752122910668991,-0.559609207480502,0.0869613808606162,-1.20241287109855,0.824578610225118
850,-0.51797332156785,-0.183617934859076,0.0719762151448309,0.476391927061111,2.88826463422024
851,-2.21733825317732,1.33102227538946,-0.387760530906227,-2.14716971254565,1.09727901926652
852,-0.269807893815971,-0.818428088947103,1.26959310589132,-0.890809426001104,-1.32278968101641
853,-0.0482671402255738,1.26769972648645,2.45534415650839,-0.00475741612984096,0.392655032227946
854,-0.901993327129015,-2.04035662553867,-2.51562802574014,1.47524649384781,0.410419902362362
855,0.827712473489542,-1.30987347968086,0.862663000229221,1.47644586484204,-0.450799983320074
856,-0.331169014133407,-0.473470446116529,-0.00407788447490256,-2.49940023533628,0.403419540519134
857,-0.759396845835526,-0.580179510848163,1.20352878349768,0.334509214517426,1.4229849273396
858,0.28170276625789,0.528342701262415,-0.453752943074058,-0.195262265311824,0.0210664042647778
859,-1.0795000169506,-0.0890316580562726,-0.312668493636878,1.15181897502439,-0.471151900293241
860,-0.32182501985544,0.273736224321695,-0.0805708079182952,1.6472169060839,1.10101177687733
861,-0.00485308665677993,2.03300073569196,0.361534198769894,-0.163650762203,0.228469456600448
862,-0.0125546040576563,-1.13767753832104,-0.18160553621313,-0.576023622390453,-1.98430630990938
863,1.67798156816482,-1.0131316765242,0.48081345450503,1.57217017404147,-0.00947835937389448
864,-0.370854981041637,0.794554211276836,0.304336270676273,1.65790633903584,-1.96265432651719
865,-0.438715308655615,0.489088635861503,1.17170097267776,-0.404703086032939,-0.579750023065171
866,-1.01984581426609,1.74674002154326,-0.372691672709577,-0.142944614957464,-0.234853413737537
867,1.33674614228606,-1.4093111753559,0.00815747387777759,0.443972899404848,1.4081387311783
868,1.64491144913574,-0.451150583849003,-0.486732958720226,-0.611678786996499,0.112697809079032
869,1.04432587193665,0.192075366637031,1.75792651263824,0.834141998567108,0.45793466580324
870,1.44826754784053,0.916409825670321,1.0113881029728,-0.399890784141014,-0.424538158220018
871,0.31536167510976,-0.708878326360558,-0.530559994035163,-0.726183608109904,-0.922252272244469
872,0.396683324193608,-0.169915056799536,0.0844800309698659,0.290672075951342,-0.798616057639731
873,0.344924492463604,0.0859887784817051,1.312503660871,-0.900113016402307,0.804043160909368
874,-0.441070691494861,-0.558118739394943,0.489227464816296,0.0266925264374667,-1.26492846114884
875,1.27139459835569,-0.931350556612516,-0.000555530287156027,0.237213913996209,-0.230344139459095
876,1.15101825601458,-0.770509095976159,1.01914828326503,-0.741409983811614,-0.947885639992358
877,1.38390113007003,0.321513811594235,-1.252091004834,-0.966374998611073,1.4934751633619
878,-0.228354687923904,-0.190273556927765,1.00300102569808,0.768392617029317,-1.58264886877189
879,-0.65904356458008,0.0915944240053655,0.589577924746783,0.641155495833946,-0.725054360580449
880,0.808881904247553,0.094268581422044,-0.227848028080382,0.472940272625488,-0.577877974922219
881,0.617371684247344,0.272483194642812,1.10372940438893,-0.0692675589648391,2.23306715614929
882,1.50698817027784,1.28352642821001,0.83534926468933,-0.479338973263092,1.65481492551499
883,0.617730359163955,-0.0977971491743541,-0.741364671537806,1.05391752996786,-0.742514122605684
884,-0.984854543074213,-1.56110184067081,-0.3266955370015,0.884000667656729,-0.345594148725225
885,-1.16484682714789,-1.37475664751947,-0.665041728077082,1.26481772538879,0.0308604848136054
886,0.806806675725329,1.4225728691211,-0.0166136280432221,-1.94738686813293,0.571175081257283
887,1.25401744684529,0.293986638396296,-0.128521051972171,0.835935062407962,0.524138383375682
888,1.57248296082192,-0.580784383802502,2.55035793154884,-0.765845407811551,-0.432273654888902
889,0.0340491633732753,-0.206488586998713,0.234628133616659,-0.0452176679735583,0.053406153888799
890,-0.867051586489319,1.50481130338474,0.0785601260090695,0.310435644234627,-0.577956391809281
891,-0.553949465224747,1.67985975374162,0.880249980040212,0.2417602913691,-1.24864566393684
892,-1.97247837312394,-0.860267388930917,1.47476151555154,-0.264887549921546,0.283081150701029
893,0.531852016938654,0.679281338224277,1.45223883793161,0.933326915679286,-0.0919207697122255
894,0.460046645922727,1.6405971223433,-1.96832204382599,0.152255672736581,0.572313705340668
895,0.508028402526678,-0.799081348586385,0.418607378559697,-2.38851267169431,-1.11546947836642
896,-1.77344377805132,0.537655118419552,-0.947043340137328,0.868459072204403,1.16046640085186
897,-0.209308369766574,-0.695982534494942,-1.28082636140644,-0.332474766222783,1.40763445210637
898,-0.659567710502603,-0.42858776358431,-0.879986250814478,-0.295202778118943,0.822139559173036
899,-0.904995965496548,-0.23507584285804,-0.126547515848647,0.587207454541767,0.718623020622633
900,-1.45928190420836,-0.349218821750875,-0.269308908152269,0.734829628286325,0.58841630683166
901,0.785094663652282,-1.38071276380209,-0.71411806050746,-0.088147562535535,0.35160768528488
902,1.10890595602459,0.714454001819561,-0.844661570896242,-2.46302560763769,1.46408794611636
903,2.33656444525944,-1.78674341434278,-1.50320920841818,-1.90007991948991,1.16748925907943
904,0.0030785928103465,0.58743108356571,0.20994143381804,0.617301026970462,-0.102634010240396
905,-0.299646771389671,0.532134978106791,-1.08246695575478,0.435586652392848,-0.517151634682771
906,0.59087758462947,-2.38290938175955,1.67705241202375,-0.333245998764122,1.75096724015488
907,-0.0307844328139957,-0.567689417698738,0.669990744366968,0.500903616181041,0.30079717337115
908,0.337528758548862,-0.929369006705228,-2.38920346156885,1.6517175361037,0.843462675145557
909,-1.58769346955959,0.414292782681477,-0.182746385920838,-0.387939191227956,-1.0575825337865
910,0.154055640185575,-1.21846304570593,0.295241575011824,1.39052759809204,-1.16623105399443
911,2.72789543680007,-0.121257123823839,-0.91940281359944,0.341946487290351,-2.81622775857477
912,-0.231843120701233,0.30907924621688,2.22320660620456,0.441006179887207,-1.23355070033411
913,-1.28213163915526,0.738923588067733,-0.0145020740658987,-0.30244960978133,-0.116281753494637
914,1.68744343759727,-0.8039310290516,-0.121056893519466,0.5401484866665,0.244293511559618
915,-2.17902577451826,0.172534061047458,0.152754089055261,0.387638954619439,0.838171791853077
916,0.232500726435461,0.0540906966969487,0.571995046195905,1.67541400328195,0.229995391352766
917,0.169306100118502,-0.913955290041045,-0.291086852988851,1.34800146746591,0.147211136087789
918,-0.842565868472282,0.357291101443743,1.22494833672774,-0.0916925232516121,-0.687641704642279
919,-0.15535757623239,-0.8525021856687,0.719591927942341,0.410666192338226,0.436008398486669
920,-1.79992159823821,-1.12049514338316,0.5885354749363,-0.0555597551960174,0.191584551092181
921,1.03174789016056,1.55045997717068,0.833980739838507,-0.839090244279034,0.564777342551162
922,-2.24570530345908,0.310412029119139,1.43463086727442,-1.28138082994471,0.553384880163987
923,0.255619490143285,-2.3394046525551,0.87155655466834,-0.127018193823345,0.609095979421185
924,0.923328071553197,-0.350749068481782,-0.237489495542789,1.14531593872424,0.700088804798196
925,0.225823693649853,-0.010106384158404,-0.465057862143012,2.57536127418356,-0.157280291797175
926,0.530546504032483,0.332457002064907,-0.367999242051386,-0.203785737310652,0.466080683209827
927,-0.410541087543609,0.39151664829456,0.320863158493074,-0.367657472124393,2.13083658988898
928,-0.39341005892512,1.85669703836075,-0.209684727029968,0.987598257577806,1.65065202544039
929,0.737542293210129,2.30228073605445,-0.132432418428318,0.738859277575962,-0.0705125072716954
930,-0.150971536411496,-0.807556117322256,0.963759413418652,-0.421280793770967,0.329772012863046
931,0.935429462334886,0.12161948673028,-0.139614072458934,0.514704546278858,1.01192297125527
932,-1.41280712975796,0.0200282494901482,-1.37967878785919,-0.129865926340419,-2.59594771378613
933,0.114353067944567,0.473820309097628,0.123233312862039,-2.33004069963296,0.189414434320924
934,0.248961222807864,0.274564942355951,-0.78377688873571,1.26188328442403,-1.84868895749088
935,0.865981119810406,-0.146163684801472,-0.284637408842377,-0.832730858715131,1.49275636005357
936,-0.925280300373609,-1.60582843562155,0.655947385609414,0.701253207863545,0.380708014204013
937,-0.726796888885125,-0.514019293339861,-1.81311492125959,1.856686024095,0.289434438373353
938,-1.57751073135845,-0.46062331073937,-1.3053017500708,0.287626284872836,-1.04541148634834
939,0.165497364513614,0.988810337302216,-0.463419282702662,-1.07567564207925,-0.622894293648524
940,-1.03075995636692,-1.73377453705354,-0.829030455359985,1.57244489774177,0.348619752157675
941,-0.544979420293109,-0.715978525777707,0.462315931541555,0.0522933556235512,1.47391016905935
942,-0.439576619989377,-0.211164079316501,-0.347341473680271,0.212698501402254,0.262593381549221
943,-1.16191521996551,0.644111870285461,-1.38601146963334,-2.32898485482916,2.02196546878219
944,-0.669868317743882,0.502760810997999,1.04231051198348,-0.917620093440502,-0.530291259066888
945,0.73591456994376,0.0285458496984076,0.539370867359147,-0.599816526407064,1.76573240584574
946,0.826121151361918,1.25996307591586,-1.2818316790315,-0.332661922987191,-0.698206455200416
947,1.73184433386201,-0.654613006556883,1.10016552521039,-0.590047645763205,-1.34559258950644
948,1.513265647249,-0.261614290626266,0.57386977299164,1.00920284995605,0.46441688071636
949,-0.977118448091102,-0.871037961144381,-1.50510313388823,0.00494422325953201,1.73519980081482
950,0.605954674173518,0.402088816162751,1.91274068870988,0.155280631919085,1.87030138343798
951,-0.345003991941318,-0.652252838394542,-0.206425317849227,0.303450217017985,1.19849597392356
952,-0.8721595371282,0.505705432735236,-0.18005953172008,-0.0541377784578598,-0.468617916308859
953,0.0255422549676508,0.084814812625011,0.484116397721756,0.721882352804467,0.668163293454148
954,1.00196662216844,-2.89142029346322,0.000983727713367196,0.169141856378926,0.424798780170653
955,0.00621721792165479,0.379523486626045,0.230487571565562,-1.13399188921823,0.59613731949809
956,0.109400555984234,0.418484777309832,0.860279013880406,-0.257623324803517,-1.05069090603774
957,0.202354681891181,-0.0716733379137949,-1.11018693932906,0.0926517717561827,1.7765154771748
958,-0.700521093284133,1.91123930895361,0.00189001653379976,0.531004096213634,-1.18510715673137
959,-0.0990750287033205,0.483206486711256,0.776418361117553,0.295513561261596,0.898404616411909
960,0.474212943216921,-2.08119680259168,0.088261238141716,-0.0480232484532997,-0.729478671612742
961,-0.265147509949379,0.0210442878176227,0.227795829712482,-0.614588206645774,-0.779199522367826
962,1.51514975927188,-0.274871589430646,-0.406455182898802,0.461983276861521,0.8616052774334
963,-1.95586776602115,2.10835770571579,1.25683479951964,-0.513628710386552,0.0890601884828761
964,0.410381316912008,0.814255419836433,-1.08964178480098,-0.463794662445666,0.203554344835788
965,0.591164586527222,1.84845441627315,-0.773048426202722,-0.418123608153587,-2.13563375228121
966,0.793389873520979,1.16934961715848,1.92028587665378,0.443149510879914,-1.40868991328475
967,0.445331980696351,0.705230395090654,-1.29927827616387,1.3261903706237,-0.273899187719052
968,1.67031764117657,-1.6426357846703,-0.120702501440977,-1.27440820711133,0.998766538869199
969,-0.4077416298189,1.45955080653795,0.262048820766142,0.0470512952512027,-1.04163746532908
970,-1.24361731165375,-0.726609927478395,-0.234171365815418,-0.358951060867942,0.43614856967923
971,0.240717523518185,-0.338740730097024,-0.686973811305178,0.972654143896445,1.01221787210771
972,0.0189366717774383,0.482935291667961,1.39011905788046,-0.232987769320302,0.116589398476762
973,-0.462412517523276,-0.964611423732571,-0.329569705534613,-0.731703471407486,-1.44996398063747
974,-0.400158553829644,0.580557994115398,-1.28125459061692,-0.431039462733072,0.0320115920079962
975,0.620176683762815,-0.496142269912626,0.386553939906564,-0.463587046569792,-0.613676900992082
976,-0.588478887326166,-1.30418505182193,-2.04988452575902,0.126833877244394,0.132765464239565
977,1.55683991171083,-0.574215717350876,-0.852933029673561,-0.264956475496761,0.155320709150234
978,0.903656686978365,0.66562389828077,0.302677253027699,0.955909975327386,0.0311107908528038
979,-0.494080351633332,0.920350097978845,0.846370658891868,0.365299992922094,0.456108030540094
980,0.515681888439278,-0.462155314457377,0.689626988681996,-0.422791779606571,0.145553167110919
981,0.875685928662761,-0.561470095991666,1.12790538047056,-0.664279046824515,0.11037830749641
982,-0.688228483729487,0.312123866668039,0.425018634556254,-1.5445023696651,-2.10003357575827
983,1.38147816653613,-0.497066807376587,-0.574938230532527,-0.819328193075506,-0.348579041303677
984,0.35816244854724,0.055974044216975,-0.630204265662635,0.599515109193621,0.321792534502271
985,-0.271048389106004,0.110353483155408,0.689801756064848,-0.540784510235445,-1.18762216686437
986,0.695707095915034,-0.913423674740404,-0.886085642133272,-0.39225607530772,-0.433357865365197
987,-0.739004920294058,0.728030312345534,1.71856704771562,-0.424063773430976,-1.73410235197769
988,1.26286652334273,-0.407610768249452,1.53394409892459,0.969319001607865,0.809818534574576
989,-0.342584209841602,0.879483724849391,-0.460897302426845,1.57732113424909,0.326294342817945
990,0.248547349832836,-0.598428759425778,-0.313764160106774,-0.844610678669858,-0.742431914210745
991,1.96706016844204,0.285883627187489,-0.257246596669637,-0.973563819511644,0.481398879712996
992,0.951307970120536,0.515926170083107,1.53418318512168,0.211142458945153,0.48179822342392
993,-1.00634645706564,1.54335145100023,-1.06640199542167,-0.804109307297228,-0.28874920817554
994,0.93218566311369,-0.865301208177826,0.284545704790098,-0.391003667277277,-1.15592897016795
995,-1.42035534073947,0.669558622100002,-1.38147743557449,1.8825660469819,0.564835624020841
996,1.04574163078177,2.38765379701244,-1.51605306420006,1.67074366411621,0.774806166694455
997,-1.46247311503061,0.487490929085377,-0.95803566485191,-1.09675952780975,-0.188469905824846
998,-0.687738518979748,-0.489636007448383,0.618589702292295,1.29278891753998,-0.282175073890744
999,0.120329207682588,0.487637033426731,-0.170090960443229,-1.26262007104057,0.0680313410249105
1000,0.5464173812115,0.599718281279238,-0.377182846197419,-1.29766257854569,0.313167215385642
